"Search Parameters"	"Year"	"Mo"	"Dy"	"Hr"	"Mn"	"Sec"	"Tsu"	"Vol"	"Location Name"	"Latitude"	"Longitude"	"Focal Depth (km)"	"Mag"	"MMI Int"	"Deaths"	"Death Description"	"Missing"	"Missing Description"	"Injuries"	"Injuries Description"	"Damage ($Mil)"	"Damage Description"	"Houses Destroyed"	"Houses Destroyed Description"	"Houses Damaged"	"Houses Damaged Description"	"Total Deaths"	"Total Death Description"	"Total Missing"	"Total Missing Description"	"Total Injuries"	"Total Injuries Description"	"Total Damage ($Mil)"	"Total Damage Description"	"Total Houses Destroyed"	"Total Houses Destroyed Description"	"Total Houses Damaged"	"Total Houses Damaged Description"
"[""1990 <= Year >= 2007""]"																																						
	1990	2	8	7	15	32.2	5440		"PHILIPPINES:  BOHOL, CEBU, CAGAYAN DE ORO, CAMIGUIN"	9.755	124.694	26	6.6	7		2			300	3	0.9	1			600	3		2			300	3	0.9	1			600	3
	1990	2	20	6	53	39.8	2191		"JAPAN:  NEAR S. COAST OF HONSHU"	34.706	139.252	14	6.4																									
	1990	2	28	23	43	36.6			"CALIFORNIA:  S,  CLAREMONT,  COVINA"	34.14	-117.7	5	5.5	7					30	1	12.7	3									30	1	12.7	3				
	1990	3	3	12	16	27.9			"FIJI ISLANDS"	-22.122	175.163	33	7.6																									
	1990	3	4	19	46	19.6			"PAKISTAN:  KALAT, QUETTA, MASTUNG"	28.925	66.331	10	6.1		11	1			40	1	1	2				3	11	1			40	1	1	2				3
	1990	3	25	13	22	55.6	2192		"COSTA RICA:  PUNTARENAS, SAN JOSE"	9.919	-84.808	22	7	8					15	1		2	8	1	34	1					15	1		2	8	1	34	1
	1990	3	25	14	17	18.8			"TAJIKISTAN:  PAMIR MOUNTAINS"	37.034	72.942	33	6.3	6								1												1				
	1990	3	26	22	47	16.7			"PHILIPPINES:  SANTIAGO"	9.253	125.606	39	5.5	4	1	1			2	1		1					1	1			2	1		1				
	1990	4	2	13	46	31.7			"UNITED KINGDOM:  MANCHESTER, LIVERPOOL"	52.314	-2.985	18	4.7	6								1				2								1				2
	1990	4	5	21	12	35.5	2194		"NORTHERN MARIANA ISLANDS:  SAIPAN; GUAM"	15.125	147.596	11	7.5	4																								
	1990	4	17	1	59	33.4			"CHINA:  S XINJIANG:  WUQIA COUNTY"	39.436	74.9	33	6.2						2	1		2		3							2	1		2		3		
	1990	4	18	13	39	19			"INDONESIA:  MINAHASSA PENINSULA: BOLAANG-GORONTALO"	1.186	122.857	26	7.6		3	1			25	1		3			1140	4	3	1			25	1		3			1140	4
	1990	4	18	19	38	8.9			"IRAN:  HANNA"	31.107	51.678	47	4.7									1												1				
	1990	4	26	9	37	15			"CHINA:  QINGHAI PROVINCE:  GANGHE-XINGHAI"	35.986	100.245	8	6.9		126	3			2049	4	58.35	4	66800	4	66800	4	126	3			2049	4	58.35	4	66800	4		
	1990	5	5	7	21	29.5			"ITALY:  POTENZA"	40.775	15.766	10	5.4	7	2	1			16	1		2					2	1			16	1		2				
	1990	5	13	4	23	9.6			"NEW ZEALAND:  DANNEVIRKE,  WELLINGTON"	-40.296	176.064	21	6.3	8								2												2				
	1990	5	20	2	22	1.6			"SUDAN:  JUBA, MAYA;  UGANDA: NAKURA"	5.121	32.145	15	7.1		31	1						1					31	1						1				2
	1990	5	24	20	0	8.1			"SUDAN:  JUBA, KAPENGURIA"	5.358	31.848	16	7									1												1				2
	1990	5	30	2	34	5.8			"PERU:  MOYABAMBA-RIOJO"	-6.016	-77.229	24	6.5	6	200	3			8130	4	1	2					200	3			8130	4	1	2				
	1990	5	30	10	40	6.1			"ROMANIA:  BUCHAREST, BRAILA, BRASOV"	45.841	26.668	89	6.7	6	14	1			700	3	23.7	3					14	1			700	3	23.7	3				
	1990	5	31	0	17	47.8			"ROMANIA:  KISHINEV, CIS"	45.811	26.769	88	6.1	5								1												1				
	1990	6	8	0	31	50			"COSTA RICA:  SANTIAGO DE PURISCAL"	9.855	-84.327	10	4.6									1			14	1								1			14	1
	1990	6	9	1	14	34.5			"PERU:  N, RIOJA, MOYOBAMBA, IQUITOS"	-6.062	-77.136	26	4.9	6	1	1						1	14	1			1	1						1	14	1		
	1990	6	14	7	40	56.2			"PHILIPPINES:  CULASI, PANAY"	11.76	121.899	18	7.1	6	4	1			15	1		2					4	1			15	1		2				
	1990	6	14	12	47	28.8			"KAZAKHSTAN:  UST, ZAYSAN"	47.869	85.076	58	6.8	5	1	1						3	3000	4			1	1						3	3000	4		
	1990	6	17	4	51	45.5			"PAKISTAN:  BALUCHISTAN"	27.398	65.719	15	6.3						6	1		1									6	1		1				
	1990	6	20	21	0	9.9	5703		"IRAN:  RASHT, QAZVIN, ZANJAN,  RUDBAR, MANJIL"	36.957	49.409	19	7.3	7	40000	4			105000	4	7200	4		4			40000	4			105000	4	7200	4		4		
	1990	6	21	9	2	14.6			"IRAN:  LOWSHAN, MANJIL"	36.636	49.799	15	5.3		20	1						1					20	1						1				
	1990	7	6	0	16	20.4			"INDONESIA:  JAVA:  W, KUNINGAN, MAJALENGA"	-6.904	108.12	14	4.8						103	3		3	10300	4							103	3		3	10300	4		
	1990	7	13	14	20	43.4			"AFGHANISTAN:  HINDU KUSH:  PIK LENINA"	36.415	70.789	217	5.6	4	43	1											43	1										
	1990	7	16	7	26	34.6			"PHILIPPINES:  BAGUIO,  CABANATUAN, DAGUPAN"	15.679	121.172	25	7.8	9	2412	4			3000	4	369.6	4					2412	4			3000	4	369.6	4				
	1990	7	18	11	29	24.9			"TURKEY:  CAMELI, DENIZLI"	36.99	29.595	17	5.1									2			393	3								2			393	3
	1990	7	27	12	37	59.5			"VANUATU ISLANDS:  ESPIRITU SANTO"	-15.355	167.464	126	6.4	5					2	1		2				3					2	1		2				3
	1990	8	3	9	15	6.1			"KAZAKHSTAN:  AKKAL, UST"	47.963	84.961	33	6.1	7					8	1		2	500	3							8	1		2	500	3		
	1990	8	11	2	59	54.9			"ECUADOR:  PAMASQUI,  QUITO"	-0.059	-78.449	5	4.4		4	1			10	1		3			1300	4	4	1			10	1		3			1300	4
	1990	9	23	21	13	7.4	2196		"JAPAN:  W. OF BONIN ISLANDS, IZU IS."	33.267	138.643	10	6.5																									
	1990	9	26	23	8	23.9			"SOUTH AFRICA:  WELKOM"	-28.014	26.727	5	4.2		2	1			5	1		1					2	1			5	1		1				
	1990	9	27	21	12	32.5			"KAZAKHSTAN:  ZAYSAN"	47.903	84.961	33	4.5	6								1												1				
	1990	10	18	9	30	44.4			"SOUTH AFRICA:  CHARLETONVILLE"	-26.39	27.349	5	4		10	1			6	1							10	1			6	1						
	1990	10	20	8	7	27.5			"CHINA:  GANSU PROVINCE:  TIANZHU"	37.093	103.781	12	5.8	4	7	1			92	2		3	87000	4			4	1			92	2		3	87000	4		
	1990	10	25	4	53	59.9			"AFGHANISTAN:  HINDU KUSH:  CHITRAL, MARDAN, MALAKAND"	35.121	70.486	114	6	4	11	1			250	3		1					11	1			250	3		1				
	1990	11	6	18	45	52.2			"IRAN:  S, DARAB"	28.251	55.462	11	6.7		22	1			100	2	232.3	4					22	1			100	2	232.3	4				
	1990	11	15	2	34	32.4			"INDONESIA:   N SUMATERA, BLANGKEJEREN, KUTACANE"	3.908	97.457	48	6.8		1	1			32	1	2.1	2					1	1			32	1	2.1	2				
	1990	11	27	4	37	58.5			"BALKANS NW:  BOSNIA-HERZEGOVINA:  TITOGRAD"	43.853	16.633	24	5.6	8					10	1		2									10	1		2				
	1990	12	1	18	9	28.8			"KYRGYZSTAN:  UZGEN"	40.854	73.553	29	4.6	6								3			1110	4								3			1110	4
	1990	12	13	0	24	25.7	2197		"ITALY:  SICILY:  CARLENTINI"	37.3	15.438	11	5.3	7	19	1			200	3	500	4					19	1			200	3	500	4				
	1990	12	13	3	1	48			"TAIWAN:  HUALIEN,  TAIPEI"	23.916	121.636	12	6.2	4	2	1			3	1		1					2	1			3	1		1				
	1990	12	13	19	50	17.8	2198		"TAIWAN:  HUA-LIEN"	23.722	121.627	10	6.3	5								1												1				
	1990	12	21	6	57	42.9			"GREECE:  EDHESSA, KILKIS"	41.004	22.3	13	5.9	7	1	1			60	2		1				2	1	1			60	2		1				2
	1990	12	22	17	27	54.8			"COSTA RICA:  ALAJUELA, SANTIAGO DE PURISCAL"	9.869	-84.302	17	5.7	8	2	1			350	3	19.5	3					2	1			350	3	19.5	3				
	1990	12	30	19	14	18.9			"PAPUA NEW GUINEA:  NEW BRITAIN"	-5.097	150.967	179	7.5									1												1				
	1991	1	5	14	57	11.5			"MYANMAR (BURMA):  THABEIKKYIN, MANDALAY"	23.613	95.901	20	7.1									1			32	1								1			32	1
	1991	1	31	23	3	33.6			"AFGHANISTAN:  BADAKHSTAN, BAGHLAN, LAGHMAN, NAGARHAR"	35.993	70.423	142	6.4	7	848	3			200	3	36	4		3	2000	4	848	3			200	3	36	4		3	2000	4
	1991	2	9	16	18	58.3	2199		"SOLOMON ISLANDS"	-9.929	159.139	10	6.9									1												1				
	1991	2	13	15	49	38.9			"FRANCE"	44.885	6.76	5	3.8		9	1						1					9	1						1				
	1991	2	16	1	23	40.4	2200		"RUSSIA:  KURIL ISLANDS"	48.268	154.328	39	5.7																									
	1991	2	21	2	35	34	2201		"BERING SEA"	58.427	-175.45	20	6.7																									
	1991	2	25	14	30	27.6			"CHINA:  S XINJIANG:  KALPIN"	40.386	78.959	21	6.1						3	1		2	8561	4							3	1		2	8561	4		
	1991	3	25	18	2	41.5			"CHINA:  NE, DATONG"	39.887	113.923	10	5.5						131	3		2	1328	4							131	3		2	1328	4		
	1991	4	4	15	23	20.7			"PERU:  RIOJA, NEUVA CAJAMARCA"	-6.038	-77.13	21	6.4	5					10	1		1			15	1					10	1		1			15	1
	1991	4	5	4	19	49.5			"PERU:  RIOJA, MOYOBAMBA, NUEVA CAJAMARCA"	-5.982	-77.094	20	6.7	7	53	2			252	3		3			8063	4	53	2			252	3		3			8063	4
	1991	4	18	9	18	30.4			"AFGHANISTAN:  BADAKHSTAN PROVINCE"	37.457	68.273	33	5.1	7		2				3		3			1000	3		2				3		3			1000	3
	1991	4	20	17	8	20.2			"AFGHANISTAN:  HINDU KUSH:  BADAKHSTAN, KABUL"	36.416	70.912	33	4.1									1			100	2								1			100	2
	1991	4	22	21	56	51.8	2202		"COSTA RICA:  LIMON, PANDORA;  PANAMA"	9.685	-83.073	10	7.6	10	87	2			895	3	510	4		3			90	2			895	3	510	4		3		
	1991	4	24	10	54	35.7			"TURKEY:  ERZURUM PROVINCE"	39.597	41.118	33	4.5		1	1			3	1		1				2	1	1			3	1		1				2
	1991	4	29	9	12	48.1			"GEORGIA:  DZHAVA, CHIATURA, AMBROLAURI"	42.453	43.673	17	7	9	270	3					1700	4		4			270	3					1700	4		4		
	1991	5	4	3	42	54.5			"PANAMA:  CHANGUINOLA, ALMIRANTE, BOCAS DEL TORO"	9.542	-82.418	10	6.2						36	1		2									36	1		2				
	1991	5	15	14	28	50.1			"GEORGIA:  KHEKHETI"	42.565	43.349	14	4.9	5		1						1	45	1				1						1	45	1		
	1991	5	26	10	59	48.9			"MALAYSIA:  KALIMANTAN:  RANAU"	5.865	116.746	33	4.5		1	1						1					1	1						1				
	1991	6	15	0	59	20.3			"GEORGIA:  DZHAVA, TSKHINVALI, OSSETIA"	42.461	44.009	9	6.1	8	8	1			200	3		3					8	1			200	3						
	1991	6	15	11	15	28		4428	"PHILIPPINES:  LUZON:  MANILA, PINATUBO ERUPTION"	15.119	120.355	10	5.5														800	3			4	1		3				
	1991	6	16	11	7	10.6			"TURKEY:  KAGIZMAN"	39.984	42.875	26	4.5									2																
	1991	6	20	5	18	52.5			"INDONESIA:  MINAHASSA:  GORONTALO, MAMADO"	1.196	122.787	31	7.5	6								3			1500	4								3			1500	4
	1991	6	28	14	43	54.5			"CALIFORNIA:  ARCADIA, GLENDALE, LOS ANGELES"	34.262	-118.002	11	5.1	7	2	1			104	3	33.5	4					2	1			104	3	33.5	4				
	1991	7	4	11	43	10.4			"INDONESIA:  TIMOR:  KALABAHI, DILI"	-8.099	124.681	29	6.5		28	1			181	3	7.7	3	1150	4			28	1			181	3	7.7	3	1150	4		
	1991	7	12	10	42	21.2			"ROMANIA:  BANLOC, DETA, TIMISOARA"	45.364	21.057	11	5.6	8	2	1			30	2		1				2	2	1			30	1		1				2
	1991	7	18	11	56	30.6			"ROMANIA:  ORSAVA"	44.888	22.407	12	5.6	8								2			615	3								2			615	3
	1991	7	23	19	44	50.2			"PERU:  MACA, CHIVAY, YANQUE"	-15.679	-71.574	5	4.7	5	92	2			30	1		2		3			92	2			30	1		2		3		
	1991	7	24	9	45	41.8			"IRAQ:  ARBIL,  DIBS"	36.52	44.066	26	5.1	8	20	1				3		2	100	2	100	2	20	1				3		2	100	2		
	1991	8	9	9	33	49.6			"COSTA RICA:  CARTAGO"	9.737	-84.054	5	4.7									1			30	1								1			30	1
	1991	8	17	6	18	34			"VENEZUELA:  BARQUISIMETO"	10.045	-69.948	10	5.2	5								2			100	2								2			100	2
	1991	8	17	19	29	40			"CALIFORNIA:  HONEYDEW, WHITETHORN, PETROLIA"	40.235	-124.348	12	6.2	7								2												2				
	1991	9	8	13	50	30.8			"NEW ZEALAND:  WELLINGTON, WANGANUI"	-40.25	175.053	88	5.6									2				3								2				3
	1991	9	18	9	48	13.1			"GUATEMALA:  GUATEMALA CITY, PACHUTA, SOLOLA"	14.646	-90.986	5	6.2	6	25	1			200	3		3					25	1			200	3		3				
	1991	10	14	15	58	12.7	2205		"SOLOMON ISLANDS"	-9.094	158.442	23	7.2																									
	1991	10	19	21	23	14.3			"INDIA:  CHAMOLI, UTTARKASHI, NEW DELHI, CHANDIGARH"	30.78	78.774	10	7	8	2000	4			1800	4	60	4	7500	4	7500	4	2000	4			1800	4	60	4	7500	4		
	1991	11	4	1	50	31.6			"IRAN:  BEHBAHAN"	30.666	50.218	39	5.4						51	2		2	290	3							51	2		2	290	3		
	1991	11	8	15	13	44.1			"INDIA:  JODHPUR, JAISALMER"	26.323	70.607	22	5									1												1				
	1991	11	19	22	28	51			"COLOMBIA:  CHACO, BUENAVENTURA, CALI"	4.554	-77.442	21	6.4	6	2	1						1			28	1	2	1						2			28	1
	1991	11	22	0	40	23.9			"YEMEN:  WESTERN  ARABIAN PENINSULA"	13.887	44.068	10	4.7		11	1			40	1		2	17	1	87	2	11	1			40	1		2	17	1	87	2
	1991	11	28	17	19	55.5			"IRAN:  RUDBAR, RASHT"	36.924	49.603	16	5		1	1			70	2		2					1	1			70	2		2				
	1991	12	2	8	49	40.2			"ROMANIA:  VOITEG, DETA, BANLOC"	45.498	21.115	9	5.5	8						2		2			5000	2						2		2			5000	4
	1991	12	22	8	43	13.4	2206		"RUSSIA:  KAMCHATKA, KURIL ISLANDS"	45.533	151.021	24	7.6																									
	1992	1	5	6			2207		"CHINA:  S. CHINA SEA"	18	108	8	3.7																					1				
	1992	2	1	19	4	4.5			"JAPAN:  HONSHU:  TOKYO"	35.106	139.644	100	5.6						37	1		1									37	1		1				
	1992	2	4	1	58	39.7			"INDONESIA:  JAWA, BREBES"	-7.138	109.067	58	4.4						1	1		3	800	3	700	3					1	1		3	800	3	700	3
	1992	3	4	11	57	53			"IRAN:  LORDEGAN ARDAL AREA"	31.726	50.778	18	4.6		6	1			50	1		2	300	3			6	1			50	1		2	300	3		
	1992	3	13	17	18	39.9			"TURKEY:  ERZINCAN"	39.71	39.605	27	6.9	8	653	3			2000	4	750	4			8057	4	653	3			2000	4	750	4			8057	4
	1992	4	13	1	20	0.8			"THE NETHERLANDS: ROERMOND; GERMANY: BONN, HEINSBERG"	51.153	5.798	21	5.2	8	1	1			45	1	100	4					1	1			45	1	100	4				
	1992	4	23	4	50	23.2			"CALIFORNIA:  JOSHUA TREE, ANGELUS OAKS"	33.961	-116.318	12	6.3	7					32	1		2									32	1		2				
	1992	4	25	18	6	4.2	2208		"CALIFORNIA: HUMBOLDT COUNTY: FERNDALE, PETROLIA"	40.368	-124.316	15	7.1	8					98	2	75	4									98	2	75	4				
	1992	5	15	8	8	2.9			"KYRGYZSTAN:  OSH; UZBEKISTAN:  ANDIZHAN"	41.019	72.429	50	6.2	7	4	1					31	4	5500	4	4000	4	4	1					31	4	5500	4	4000	4
	1992	5	17	10	15	31.3	2209		"PHILIPPINES:  MINDANAO, TANDAG, BISLIG"	7.191	126.762	33	7.5									1												1	12	1		
	1992	5	20	12	20	32.8			"PAKISTAN:  PESHAWAR, KOHAT, SHAKKAR KHEL"	33.377	71.317	16	6		36	1			100	2		2	400	3			6	1			100	2		2	400	3		
	1992	5	25	16	55	4.1			"CUBA:  PILON, MANZANILLO"	19.613	-77.872	23	7						40	1		2			820	3					40	1		2			820	3
	1992	5	27	5	13	38.8	2210		"SOLOMON ISLANDS:  SANTA CRUZ ISLANDS"	-11.122	165.239	19	7																									
	1992	6	28	11	57	34.1			"CALIFORNIA: LANDERS, YUCCA  VALLEY"	34.201	-116.436	1	7.6	9	3	1			400	3	92	4					3	1			400	3	92	4				
	1992	6	28	15	5	30.7			"CALIFORNIA: BIG BEAR LAKE, BIG BEAR CITY"	34.203	-116.827	5	6.7	8						2		2										2		2				
	1992	6	29	10	14	22.2			"NEVADA-CALIFORNIA BORDER:  NEVADA TEST SITE"	36.705	-116.293	9	5.4									2												2				
	1992	7	18	8	36	58.7	2211		"JAPAN:  HONSHU ISLAND"	39.419	143.33	29	7																									
	1992	8	11	15	14	55.1	5427		"JAPAN:  HONSHU:  S"	32.536	141.641	16	6.3																									
	1992	8	19	2	4	37.4			"KYRGYZSTAN:  TOLUK"	42.142	73.575	27	7.5	9	75	2					130	4	8200	4			75	2					130	4	8200	4		
	1992	8	28	0	50	50.4			"PAKISTAN:  KALAT"	29.087	66.74	9	5.5		4	1			200	3		2		3			4	1			200	3		2		3		
	1992	9	2	0	16	2.8	2213		"NICARAGUA:  MASACHAPA; COSTA RICA"	11.727	-87.386	40	7.7			1											170	3			489	3	30	4	1500	4		
	1992	9	8	0	38	15.4			"IRAN:  FIRUZABAD"	29.134	52.187	18	4.7		1	1			11	1		2	200	3			1	1			11	1		2	200	3		
	1992	9	11	3	57	26.5			"CONGO:  KABALO"	-6.087	26.651	11	7		8	1			37	1		1		2			8	1			37	1		1		2		
	1992	10	12	13	9	55.5			"EGYPT:  CAIRO"	29.778	31.144	22	5.3		545	3			6512	4	1200	4	9350	4	9350	4	545	3			6512	4	1200	4	9350	4		
	1992	10	17	8	32	40.5			"COLOMBIA:  MURINDO, CALI"	6.845	-76.806	14	7						20	1		2		3							20	1		2		3		
	1992	10	18	15	11	59.1			"COLOMBIA:  MURINDO, APARTADO, MEDELLIN"	7.075	-76.862	10	7.4		11	1			115	2		2		2			11	1			115	2		2				
	1992	12	12	5	29	26.3	2214		"INDONESIA:  FLORES REGION, MAUMERE, BABI"	-8.48	121.896	28	7.8		1000	4			500	3	100	4	31785	4			2500	4			2103	4	100	4	31785	4		
	1993	1	15	11	6	5.9			"JAPAN:  HOKKADIO, KUSHIRO, HACHINOHE, HONSHU"	43.3	143.691	102	7.6	6	2	1					358	4					2	1					358	4				
	1993	1	26	20	32	6.9			"CHINA:  YUNNAN PROVINCE"	23.027	101.062	33	5.6						66	2		3	28417	4	28417	4					66	2		3	28417	4		
	1993	1	27	10	27	5.6			"IRAN:  NEHBANDAN"	32.104	60.088	33	5.1									1																
	1993	2	7	13	27	42	2215		"JAPAN:  HONSHU:  ISHIKAWA, TOYAMA, NIIGATA"	37.634	137.245	11	6.3									1																
	1993	3	12	14	1	35.4	5602		"FUTUNA ISLAND"	-14.385	-178.252	10	6.4		5	1			201			1					5	1			20	1		1		2		2
	1993	3	20	14	51	59.7			"CHINA:  TIBET (XIZANG PROVINCE): NGAMRING"	29.084	87.333	12	6.2		2	1			3	1		1					2	1			3	1		1				
	1993	3	25	13	34	35.4			"WASHINGTON-OREGON BORDER"	45.035	-122.607	21	5.6	7							28.4	4											28.4	4				
	1993	3	26	22	52	46.9			"IRAN:  BOVIR AHMADI VA KOHKILUYEH"	30.692	50.886	30	5.1									2																
	1993	4	18	9	16	23.2			"PERU:  LIMA"	-11.652	-76.53	106	6.3		6	1						1	30	1			6	1						1	30	1		
	1993	6	8	13	3	36.4	2218		"RUSSIA:  KAMCHATKA"	51.218	157.829	71	7.5									1																
	1993	6	18	11	52	54.8	5515		"KERMADEC ISLANDS"	-28.886	-176.819	20	6.6																									
	1993	6	22	16	32	43.7			"IRAN:  BOVIR AHMADI VA KOHKILUYEH"	30.149	50.814	33	5.4		24	1			49	1							24	1			49	1						
	1993	7	10	20	40	58.9			"COSTA RICA:  TURRIALBA, CARTAGO"	9.821	-83.622	20	5.8		2	1			9	1		1					2	1			9	1		1				
	1993	7	12	13	17	11.9	2219		"JAPAN:  HOKKAIDO; RUSSIA:  SOUTHEAST; SOUTH KOREA"	42.851	139.197	17	7.7	8	23	3			233	3	1207	4		3			231	3			233	3	1207	4	2374	4		
	1993	7	14	12	31	49.4			"GREECE:  PATRAS"	38.224	21.756	23	5.6									1																
	1993	8	1	0	20	40.5			"SUDAN:  KHARTOUM"	15.385	31.69	13	5.5		2	1			9	1		1					2	1			9	1		1				
	1993	8	7	19	42	41.9	2220		"JAPAN"	41.985	139.839	13	6.3																									
	1993	8	8	8	34	24.9	2221		"GUAM:  TUMAN BAY, APRA HARBOR"	12.982	144.801	59	7.8	9					48	1	250	4									48	1	250	4				
	1993	9	10	19	12	54.6			"GUATEMALA:  SOUTHWEST; MEXICO:  CHIAPAS"	14.717	-92.645	34	7.2		1	1			3	1		2					1	1			3	1		2				
	1993	9	21	3	28	55.4			"OREGON:  KLAMATH FALLS"	42.314	-122.012	11	6	7	2	1					7.5	3					2	1					7.5	3				
	1993	9	29	22	25	48.6			"INDIA:  LATUR-OSMANABAD, KILLARI"	18.066	76.451	7	6.2	8	11000	4			30000	4	300	4		4		4	11000	4			30000	4	300	4		4		4
	1993	10	13	2	6	0.3			"PAPUA NEW GUINEA:  EASTERN:  UPPER MARKHAM VALLEY"	-5.889	146.02	25	6.9		60	2			200	3	5	2					60	2			200	3	5	2				
	1993	10	20	16	15	59.6			"NEPAL: NW; INDIA:  UTTAR PRADESH"	28.723	82.28	37	5.1									1																
	1993	11	12	13	27	28.1			"INDIA:  LATUR"	18.12	76.533	10	4.6						25	1		1									25	1		1			100	2
	1993	11	13	1	18	4.1	2222		"RUSSIA:  KAMCHATKA"	51.934	158.647	34	7									1												1				
	1993	11	30	20	37	12.8			"CHINA:  SOUTHERN XINJIANG:  SHUFU"	39.263	75.533	18	5.6						4	1		1	100	1							4	1		1	100	2		
	1994	1	3	5	52	27.6			"CHINA:  QINGHAI PROVINCE:  GONGHE"	36.028	100.104	8	5.7						5	1		1	56	2	56	2					5	1		1	56	2		
	1994	1	16	1	49	16.2			"PENNSYLVANIA: READING, FELT TO CANADA"	40.33	-76.037	5	4.6	5								1												1				
	1994	1	17	12	30	55.3	2223		"CALIFORNIA:  NORTHRIDGE"	34.213	-118.537	18	6.7	9	60	2			7000	4	40000	4	40000	4			60	2			7000	4	40000	4	40000	4		
	1994	1	21	2	24	29.9	2224		"INDONESIA:  KAU"	1.015	127.733	20	7		9	1			300	3		2			550	3	9	1			300	3		2			550	3
	1994	2	3	9	5	4.2			"WYOMING:  AFTON"	42.762	-110.976	8	5.8	7								1												1				
	1994	2	5	23	34	9.9			"UGANDA:  FORT PORTAL, KASESE; ZAMBIA"	0.593	30.037	14	6.2		7	1				2	70	4					7	1				2	70	4				
	1994	2	15	17	7	43.8			"INDONESIA:  SOUTHERN SUMATERA, LIWA, LAMPUNG"	-4.967	104.302	23	6.9		207	3			2000	4	170.476	4	6000	4			207	3			2000	4	170.476	4	6000	4		
	1994	2	23	8	2	4.7			"IRAN:  SISTAN"	30.853	60.596	6	6.1		6	1				3	1.4	2					6	1				3	1.4	2				
	1994	3	1	3	49	0.8			"IRAN:  SOUTHERN:  FIRUZABAD"	29.096	52.617	13	6.1		2	1			50	1		1				1	2	1			50	1		1				1
	1994	3	2	3	38	3.8			"HAITI: SAINT-LOUIS DU NORD"	19.803	-72.799	59	5.4		4	1						1				1	4	1						1				1
	1994	3	9	23	28	6.7			"FIJI ISLANDS"	-18.039	-178.413	563	7.6																									
	1994	4	8	1	10	40.8	2226		"JAPAN:  OFF EAST COAST OF HONSHU ISLAND"	40.608	143.683	13	6.4																									
	1994	5	1	12	0	35.7			"AFGHANISTAN:  HINDU KUSH:  TASHIAK, TERMIZ"	36.901	67.163	19	6.1	6	160	3			330	3							160	3			330	3						
	1994	5	24	4	0	42.1	5428		"TAIWAN"	23.959	122.448	16	6.5	4																								
	1994	6	2	18	17	34	2227		"INDONESIA:  JAVA"	-10.477	112.835	18	7.8			1						1					238	3			423	3	2.2	2	1500	4		
	1994	6	3	21	6	59.8	2592		"INDONESIA:  JAVA"	-10.362	112.892	26	6.6																									
	1994	6	4	0	57	50.6	5576		"INDONESIA:  JAVA"	-10.777	113.366	11	6.5																									
	1994	6	5	1	9	30.1			"TAIWAN:  CHI-LUNG, I-LAN, TAIPEI, NAN-AO"	24.511	121.905	11	6.4		1	1			2	1		2		2			1	1			2	1		2		2		
	1994	6	5	1	45	2.7	2593		"INDONESIA:  JAVA"	-10.341	113.369	17	6.1																									
	1994	6	6	20	47	40.5		6624	"COLOMBIA:  CAUCA, HUILA"	2.917	-76.057	12	6.8		650	3					2.4	2	200	3			650	3					2.4	2	200	3		
	1994	6	9	0	33	16.2			"BOLIVIA-PERU: AREQUIPA, FELT IN N AND S AMERICA"	-13.841	-67.553	631	8.2		5	1				3		2					5	1				3		2				
	1994	6	18	3	25	15.8			"NEW ZEALAND:  SOUTH ISLAND:  CHRISTCHURCH"	-42.963	171.658	14	6.8	6								1												1				
	1994	6	20	9	9	2.9			"IRAN:  FIRUZABAD, SHIRAZ"	28.968	52.614	9	5.9		3	1			100	2		3		3		3	3	1			100	2		3		3		3
	1994	8	18	1	13	5.7			"ALGERIA:  MASCARA"	35.52	-0.106	9	5.9		171	3						4		4		4	171	3						4		4		
	1994	9	1	15	15	53	2228		"CALIFORNIA:  NORTH:  HONEYDEW"	40.402	-125.68	10	7	6								1												1				
	1994	10	4	13	22	55.8	2230		"RUSSIA:  KURIL ISLANDS; JAPAN:  HOKKAIDO"	43.773	147.321	14	8.3	9	11	1			382	3		3					11	1			382	3		3				
	1994	10	8	21	44	7.2	2231		"INDONESIA:  HALMAHERA"	-1.258	127.98	17	6.8		1	1			52	2		2			500	3	1	1			52	2		2			500	3
	1994	10	9	7	55	39.5	2232		"RUSSIA:  KURIL ISLANDS"	43.905	147.916	33	7.3																									
	1994	11	14	19	15	30.6	2234		"PHILIPPINES:  MINDORO"	13.525	121.067	32	7.1		81	2			225	3	3.7	2	797	3	3288	4	81	2			225	3	3.7	2	797	3	3288	4
	1994	12	26	14	10	29.1			"CALIFORNIA:  EUREKA, SAMOA, ARCATA, BLUE LAKE"	40.741	-124.31	23	5.5	7							2.1	2											2.1	2				
	1994	12	28	12	19	23	2235		"JAPAN:  HONSHU"	40.525	143.419	27	7.8	9	3	1			200	3	170.4	4					3	1			200	3	170.4	4				
	1994	12	31	2	57	20.8			"CHINA:  GUANGXI PROVINCE, GUANDONG PROVINCE"	20.524	109.33	33	5.3						360	3		2	1100	4							360	3		2	1100	4		
	1995	1	16	20	46	52.1	2236		"JAPAN:  SW HONSHU:  KOBE, AWAJI-SHIMA, NISHINOMIYA"	34.583	135.018	22	6.9	11	5502	4			36896	4	100000	4	200000	4			5502	4			36896	4	100000	4	200000	4		
	1995	1	19	15	5	3.4			"COLOMBIA:  BOGOTA, MANIZALES, MIRAFLORES"	5.05	-72.916	17	6.5		7	1				2		2	512	3	20	1	7	1				2		2	512	3	20	1
	1995	2	5	22	51	5.1			"NEW ZEALAND:  NORTH ISLAND; S ISLAND:  CHRISTCHURCH"	-37.759	178.752	21	7.1																									
	1995	2	8	18	40	25.3			"COLOMBIA:  CALI, PEREIRA, ARMENIA, CALARCA"	4.104	-76.622	74	6.4		45	1			400	3	50	4	2000	4			45	1	1		400	3	50	4	2000	4		
	1995	2	23	21	3	1.3			"CYPRUS:  PAPHOS, NICOSIA, ARODHES, PERISTERONA"	35.046	32.279	10	5.9	7	2	1			5	1	4.34	2	70	2	570	3	2	1			5	1	4.34	2	70	2	570	3
	1995	3	19	23	53	14.9			"INDONESIA:  IRIAN JAYA REGION"	-4.183	135.109	33	6.9									1				1								1				1
	1995	4	1	3	49	33.5			"JAPAN:  NIIGATA PREFECTURE, SADO"	37.925	139.186	11	5.4									2																
	1995	4	7	22	6	56.8	2240		"SAMOA:  APIA; AMERICAN SAMOA:  PAGO PAGO; NIUE"	-15.199	-173.529	21	7.4																									
	1995	4	21	0	34	46	2241		"PHILIPPINES:  SAMAR"	12.059	125.58	21	7.2																									
	1995	4	21	5	17	1.3	2242		"PHILIPPINES:  SAMAR"	12.047	125.92	23	6.8																									
	1995	5	13	8	47	12.7	2244		"GREECE:  GREVENA-KOZANI, THESSALONIKI, YUGOSLAVIA"	40.149	21.695	14	6.6	8					25	1	450	4	12000	4							25	1	450	4	12000	4		
	1995	5	14	11	33	21.1	2245		"INDONESIA:  TIMOR, DILI, MALIANA, MAUBARA"	-8.452	125.049	13	6.9	7													11	1			19	1		1		2		
	1995	5	16	20	12	44.2	2246		"NEW CALEDONIA:  NOUMEA; VANUATU:  PORT-VILA"	-23.008	169.9	20	7.7	3																								
	1995	5	27	13	3	52.6	2247		"RUSSIA:  SAKHALIN IS:  NEFTEGORSK, OKHA, MOSKALVO"	52.629	142.827	11	7.1	9	1989	4			750	3	300	4					1989	4			750	3	300	4				
	1995	6	15	0	15	48.7	2248		"GREECE:  AIYION, ERATINI"	38.401	22.283	14	6.5	7	26	1			60	2	660	4					26	1			60	2	660	4				
	1995	7	11	21	46	39.7			"CHINA: YUNNAN PROVINCE: LANCANG, MENGLIAN; THAILAND"	21.966	99.196	13	6.8		11	1			136	3	36.1	4	100000	4	100000	4	11	1			136	3	36.1	4	100000	4		
	1995	7	21	22	44	4.5			"CHINA:  GANSU, YONGDENG, BAIYIN, DINGXI, JINGTAI"	36.427	103.123	13	5.6		14	1			60	1		3	4500	4			14	1			60	1		3	4500	4		
	1995	7	30	5	11	23.6	2249		"CHILE:  ANTOFAGASTA, CALAMA, MEJILLONES"	-23.34	-70.294	46	8	7	3	1			58	2	1.66	2	115	3			3	1					1.791	2	115	3		
	1995	8	16	10	27	28.6	2250		"PAPUA NEW GUINEA:  RABAUL, KOKOPO, NEW BRITAIN"	-5.799	154.178	30	7.7									1												1				
	1995	9	14	14	4	31.4	2251		"MEXICO:  GUERRERO, OAXACA, PUEBLA, MEXICO CITY"	16.779	-98.597	23	7.4		3	1			100	2		2					3	1			100	2		2				
	1995	10	1	15	57	16.2			"TURKEY:   DINAR, EVCILER"	38.063	30.134	33	6.4	8	95	2			348	3	205.8	4	5100	4			95	2			348	3	205.8	4	5100	4		
	1995	10	3	1	51	23.9			"ECUADOR:  QUITO"	-2.75	-77.881	24	7		2	1			5	1		1	83	2			2	1			5	1		1	83	2		
	1995	10	6	5	23	18.5			"ALASKA:  FAIRBANKS NORTH STAR COUNTY"	65.17	-148.565	9	6									1												1				
	1995	10	6	18	9	45.9			"INDONESIA:  SUMATERA, JAMBI PROVINCE"	-2.045	101.436	33	6.8		84	2			1868	4		4	17600	4			84	2			1868	4		4	17600	4		
	1995	10	9	15	35	53.9	2252		"MEXICO:  JALISCO, MANZANILLO, SAN PATRICIO MELAQUE"	19.055	-104.205	33	8		49	2			200	3		2		2			50	1			200	3		2		2		
	1995	10	18	10	37	26.3	2253		"JAPAN:  RYUKU IS."	27.929	130.175	28	7.1						1	1											1	1		1				
	1995	10	19	2	41	36.1	2254		"JAPAN:  RYUKU IS."	28.094	130.148	20	6.8																									
	1995	10	23	22	46	50.8			"CHINA:  YUNNAN PROVINCE:  WUDING"	26.003	102.227	10	6.2		81	2			800	3	80	4	200	3	200	3	81	2			800	3	80	4	200	3		
	1995	11	1	0	35	32.7	2255		"CHILE:  NEAR CENTRAL COAST"	-28.906	-71.417	20	6.7																									
	1995	11	22	4	15	11.9	2256		"EGYPT:  NUWAYBI; SAUDI ARABIA; ISRAEL; JORDAN"	28.826	34.799	10	7.2	8	11	1			47	1		2					11	1			47	1		2		1		
	1995	12	3	18	1	8.9	2257		"RUSSIA:  KURIL ISLANDS:  ITURUP, MATUA, KUNASHIR"	44.663	149.3	33	7.9	5																								
	1996	1	1	8	5	10.8	2259		"INDONESIA:  SULAWESI: MINAHASSA PENINSULA, TOLITOLI"	0.729	119.931	24	7.9	6								1					9	1			63	2	1.2	2	400	3		
	1996	2	3	11	14	20.1			"CHINA:  YUNNAN PROVINCE:  LIJIANG"	27.291	100.276	11	6.6	9	322	3			17057	4	506	4	959000	4	959000	4	322	3			17057	4	506	4	959000	4		
	1996	2	17	5	59	30.5	2260		"INDONESIA:  NEW GUINEA:  IRIAN JAYA:  BIAK, SUPIORI"	-0.891	136.952	33	8.2		54	2			423	3	4.2	2	5043	4			164	3			423	3	4.2	2	5043	4		
	1996	2	21	12	51	1.3	2261		"PERU:  NORTHERN:  CHIMBOTE, CALLAO"	-9.593	-79.587	10	7.5	4													12	1			57	2			15	1	22	1
	1996	2	25	3	8	15.8	2262		"MEXICO:  OFF COAST OF GUERRERO"	15.978	-98.07	21	7.1																									
	1996	3	19	15	0	26			"CHINA:  S. XINJIANG:   ARTUX, JIASHI, BACHU, KASHI"	39.993	76.696	28	6.3		24	1			128	3	24	3	15314	4			24	1			128	3	24	3	15314	4		
	1996	3	28	23	3	49.8			"ECUADOR:  COTOPAXI, PASTAZA, TUNGURAHUA, AMBATO"	-1.036	-78.737	33	5.9	6	27	1			100	2	7	3		3		3	27	1			100	2	7	3		3		3
	1996	4	29	14	40	41			"SOLOMON ISLANDS:  BOUGAINVILLE ISLAND"	-6.518	154.999	44	7.2		1	1						2		3			1	1						2		3		
	1996	5	3	3	32	47.1			"CHINA:  NEI MONGOL:  BAOTOU, BEIJING, HOHHOT"	40.774	109.661	26	6	8	23	1			330	3		4					23	1			330	3		4				
	1996	6	10	4	3	35.4	2263		"ALASKA:  ANDREANOF ISLANDS"	51.564	-177.632	33	7.9	6																								
	1996	6	10	15	24	56	2264		"ALASKA:  ANDREANOF ISLANDS"	51.478	-176.847	24	7.3																									
	1996	9	4	18	16	1.9	2265		"HONSHU ISLAND, JAPAN"	31.555	139.931	33	5.7																									
	1996	9	5	8	14	14.4	2266		"CHILE:  EASTER ISLAND REGION"	-22.118	-113.436	10	6.9																									
	1996	9	5	20	44	9.2			"BALKANS NW:  CROATIA:  STON, SLANO"	42.803	17.936	10	6	8						2		3										2		3				
	1996	9	5	23	42	6	5641		"TAIWAN REGION"	21.898	121.498	20	6.8																									
	1996	10	18	10	50	20.8	2267		"JAPAN:  KYUSHU ISLAND"	30.568	131.093	10	6.6																									
	1996	10	19	14	44	40.7	2268		"JAPAN:  KYUSHU ISLAND"	31.885	131.468	22	6.7									1												1				
	1996	11	12	16	59	44	2269		"PERU:  CHINCHA ALTA, ACARI, NAZCA, MARCONA"	-14.993	-75.675	33	7.7	8	14	1			560	3		4			4000	4	14	1			560	3		4			4000	4
	1996	12	2	22	17	59.2	2270		"JAPAN:  KYUSHU"	31.789	131.314	49	6.7																									
	1997	1	9	13	43	31.5			"KYRGYZSTAN:  DZHERGETAL, KOSHTEBE, KAZARMAN"	41.026	74.284	22	5.8	7								1																
	1997	1	11	20	28	26			"MEXICO:  MICHOACAN, ARTEAGA"	18.219	-102.756	33	7.2		1	1						2					1	1						2				
	1997	1	12	12	10	51.3			"ALBANIA:  BERAT, URA VAJGURORE, GRAMSH, CERRIK"	40.956	19.672	10	4.7	6								1																
	1997	1	21	1	48	30.1			"CHINA:  SOUTHERN XINJIANG:  JIASHI COUNTY"	39.474	76.998	33	5.9		12	1			40	1		3	14000	4			12	1			40	1		3	14000	4		
	1997	2	4	10	37	47.1			"IRAN:  BOJNURD, SHIRVAN, ESFARAYEN"	37.661	57.291	10	6.5	8	88	2			1948	4	30	4	5500	4	11000	4	88	2			1948	4	30	4	5500	4	11000	4
	1997	2	27	21	8	2.3			"PAKISTAN:  HARNAI-SIBI, QUETTA"	29.976	68.208	33	7.1		60	2				3		2	500	3	500	3	60	2				3		2	500	3		
	1997	2	28	12	57	18.6			"IRAN:  ARDABIL"	38.075	48.05	10	6.1	7	1100	4			2600	4		4	12000	4			1100	4			2600	4		4	12000	4		
	1997	3	1	6	4	14.1			"CHINA:  S. XINJIANG, JIASHI COUNTY, KASHI"	39.422	76.839	22	5.6		2	1			6	1		3	4000	3			2	1			6	1		3	4000	4		
	1997	3	19	19	57	11.9			"PAKISTAN:  BAJAUR, CHITRAL"	34.872	71.62	50	4.9		15	1						1				1	15	1						1				1
	1997	3	26	8	31	47.1			"JAPAN:  KYUSHU, KAGOSHIMA"	31.92	130.429	10	6.1	6								2																
	1997	4	5	23	46	19.5			"CHINA:  S. XINJIANG, JIASHI COUNTY"	39.513	76.865	33	5.9						23	1		3	3000	4							23	1		3	3000	4		
	1997	4	6	4	36	35.2			"CHINA:  S. XINJIANG"	39.537	76.998	33	6									3												3				
	1997	4	11	5	34	42.7			"CHINA:  S. XINJIANG, BACHU, SHULE, YINGJISHA"	39.527	76.941	15	6.2		9	1			89	2		4	2000	4			9	1			89	2		4	2000	4		
	1997	4	21	12	2	26.4	2273		"SOLOMON ISLANDS:  SANTA CRUZ ISLANDS; VANUATU"	-12.584	166.676	33	7.7									1												1	7	1		
	1997	4	22	9	31	23.2			"TOBAGO"	11.112	-60.892	5	6.7						2	1	25	4	3	1							2	1	25	4	3	1		
	1997	4	23	19	44	28.4			"GUAM"	13.986	144.901	101	6.5	7					4	1		1									4	1		1				
	1997	5	10	7	57	29.7			"IRAN:  BIRJAND, GHAEN"	33.825	59.809	10	7.2	10	1728	4			2300	4	100	4	10533	4	5474	4	1728	4			2300	4	100	4	10533	4	5474	4
	1997	5	13	14	13	45.7			"AFGHANISTAN:  HINDU-KUSH, MALAKAND-PESHAWAR"	36.411	70.945	196	6.4		1	1			11	1		2				2	1	1			11	1		2				2
	1997	5	21	22	51	28.7			"INDIA:  SOUTHERN:  JABALPUR"	23.083	80.041	36	5.8	8	56	2			1000	4	143	4	8546	4	8546	4	56	2			1000	4	143	4	8546	4	52690	4
	1997	6	25	19	38	40.6			"IRAN:  BIRJAND, QAYEN"	33.938	59.475	10	5.9									2	100	2	5000	4								3	100	2	5000	4
	1997	7	9	19	24	13.1	2274		"VENEZUELA:  CARIACO-CUMANA"	10.598	-63.486	20	7	5	81	2			522	3	81	4					81	2			522	3	81	4				
	1997	7	21	8	45	49.1			"SOUTH AFRICA:  AVGOLD'S HARTEBEESTFONTEIN MINE"	-26.857	26.619	5	5		15	1			46	1							15	1			46	1						
	1997	8	20	7	15	15.9			"INDONESIA:  N. SUMATERA, ACEH, BANDA ACEH, MEDAN"	4.358	96.494	33	6									2		3										2		3		
	1997	9	26	0	33	12.2			"ITALY:  CENTRAL:  MARCHE, UMBRIA"	43.048	12.879	10	5.7	8								1												1				
	1997	9	26	9	40	26.3			"ITALY:  CENTRAL:  MARCHE, UMBRIA"	43.084	12.812	10	6	10	14	1			100	2	4524.9	4	80000	4			14	1			100	2	4524.9	4	80000	4		
	1997	9	28	1	38	28.6			"INDONESIA:  SULAWESI, PAREPARE"	-3.776	119.727	33	5.9		20	1			300	3	1.1	2	650	3			20	1			300	3	1.1	2	650	3		
	1997	9	30	6	27	24.7	3034		"JAPAN:  HONSHU:  S"	31.959	141.878	10	6.2																									
	1997	10	14	9	53	18.1	2275		"TONGA ISLANDS"	-22.101	-176.772	167	7.7																									
	1997	10	15	1	3	33.4			"CHILE:  PUEBLO NUEVO, COQUIMBO, LA CHIMBA"	-30.933	-71.22	58	7.1		8	1			300	3	48	4	5000	4	15700	4	8	1			300	3	48	4	5000	4	15700	4
	1997	11	8	10	2	52.6			"CHINA:  TIBET (XIZANG PROVINCE)"	35.069	87.325	33	7.5																									
	1997	11	18	13	7	41.7			"GREECE:  IONIAN SEA, AMALIAS, GARGALIANOI, KALAMAI"	37.57	20.656	33	6.6									1																
	1997	11	21	11	23	6.3			"INDIA-BANGLADESH:  CHITTAGONG, BANGLADESH"	22.212	92.702	54	6.1		23	1			200	3		1	1	1		1	23	1			200	3		1	1	1		1
	1997	11	25	12	14	33.6			"INDONESIA:  SULAWESI:  MINAHASSA PENINSULA,GORONTALO"	1.241	122.536	24	7									1																
	1997	12	5	11	26	54.6	2277		"RUSSIA:  KAMCHATKA:  UST-KAMCHATSK, PETROPAVLOVSK"	54.841	162.035	33	7.8	7																								
	1998	1	10	3	50	41.5			"CHINA:  NORTHEASTERN: SHANGYI-ZHANGBEI, HEBEI"	41.083	114.5	30	5.7	8	70	2			11500	4	285.5	4	70000	4			70	2			11500	4	285.5	4	70000	4		
	1998	1	10	8	20	5.7			"GUATEMALA:  QUEZALTENANGO, SAN MARCOS, SOLOLA"	14.374	-91.473	33	6.6						27	1		1		2		2					27	1		1		2		1
	1998	2	3	3	2	0.2			"MEXICO:  OAXACA, SAN AGUSTIN, SAN FRANCISCO"	15.883	-96.298	33	6.3									2												2				
	1998	2	4	14	33	21.2			"AFGHANISTAN:  ROSTAQ; TAJIKISTAN:  DUSHANBE"	37.075	70.089	33	5.9		2323	4			818	3		4	8094	4			2323	4			818	3		4	8094	4		
	1998	2	20	12	18	6.2			"AFGHANISTAN-TAJIKISTAN:  YAR HUSAIN, ASTOR"	36.479	71.086	236	6.4		1	1			11	1		2	35	1			1	1			11	1		2	35	1		
	1998	3	14	19	40	27			"IRAN:  GOLBAF, BAFT, KERMAN"	30.154	57.605	9	6.6		5	1			50	1		3	2000	4			5	1			50	1		3	2000	4		
	1998	3	19	13	51	33.7			"CHINA:  SOUTHERN XINJIANG: ARTUX, KASHGAR"	39.977	76.731	33	5.6									1	400	3										1	400	3		
	1998	3	25	3	12	25	2587		"BALLENY ISLANDS"	-62.877	149.527	10	8.1																									
	1998	4	3	7	26	36.6			"ITALY:  CENTRAL:  GUALDO, TADINO-NOCERA UMBRA"	43.164	12.701	10	5.2									1	300	3							5	1		1	300	3		
	1998	4	10	15	0	53.1			"IRAN:  BIRJAND, GONABAD"	32.457	59.976	33	5.8		12	1			10	1		2			600	3	12	1			10	1		2			600	3
	1998	4	12	10	55	32.5			"AUSTRIA:  ARNOLDSTEIN; SLOVENIA:  BOVEC, KOBARID"	46.245	13.652	10	5.7	8	1	1						2					1	1						2				
	1998	5	3	23	30	21.9	2280		"TAIWAN"	22.306	125.308	33	7.5																									
	1998	5	22	4	48	50.4			"BOLIVIA:  CENTRAL:  AIQUILE, TOTORA"	-17.731	-65.431	24	6.6		105	3			150	3		3		3			105	3			150	3		3		3		
	1998	5	28	21	11	44.1			"CHINA:  SOUTHERN XINJIANG"	37.388	78.843	33	5.6						28	1		3	2000	4							28	1		3	2000	4		
	1998	5	30	6	22	28.9			"AFGHANISTAN:  BADAKHSHAN, TAKHAR"	37.106	70.11	33	6.6		4700	4				4	10	3		4			4700	4				4	10	3		4		
	1998	5	30	18	18	15	5742		"SANRIKU, JAPAN"	39.027	143.441	33	6.2																									
	1998	6	27	13	55	52			"TURKEY:  ADANA, CEYHAN"	36.878	35.307	33	6.3	8	145	3			1500	4	550	4	1700	4			145	3			1500	4	550	4	1700	4		
	1998	7	9	5	19	7.3			"AZORES:  FAIAL, PICO, TERCEIRA"	38.65	-28.626	10	6.2		10	1			100	2	72	4		3		3	10	1			100	2	72	4		3		3
	1998	7	9	14	19	18.4			"ARMENIA-AZERBAIJAN-IRAN:  ASTARA, BILASUVAR, IMISLI"	38.717	48.507	26	6									2												2				
	1998	7	17	4	51	14.7			"TAIWAN:  CHIA-I, TAINAN, HUALIEN, KAO-HSIUNG"	23.407	120.736	13	5.7	5	5	1			27	1		1					5	1			27	1		1				
	1998	7	17	8	49	16.1	2281		"PAPUA NEW GUINEA:  SISSANO"	-2.943	142.582	25	7														1636	4			1000	3		3		3		
	1998	8	4	18	59	20.1			"ECUADOR:  BAHIA DE CARAQUEZ, CANOA"	-0.593	-80.393	33	7.2		3	1			40	1		2				3	3	1			40	1		2				2
	1998	8	27	9	3	36.6			"CHINA:  SOUTHERN XINJIANG:  JIASHI"	39.66	77.343	33	6.4		3	1			7	1		3	3600	4	18771	4	3	1			7	1		3	3600	4	18771	4
	1998	9	28	13	34	30.4			"INDONESIA:  JAWA, MALANG, BLITAR, BANTUR"	-8.194	112.413	152	6.6		1	1						1	38	1	62	2	1	1						1	38	1	62	2
	1998	9	29	22	14	49.5			"BALKANS NW:  SERBIA:  BELGRADE, LJIG, VALJEVO"	44.209	20.08	10	5.5	8	1	1			17	1		2		3			1	1			17	1		2		3		
	1998	9	30	23	42	54.2			"ALBANIA:  KUKES, PESHKOPI"	41.925	20.39	10	5.3									2	700	3										2	700	3		
	1998	10	5	2	20	33.9			"IRAN:  WESTERN:  DARREH SHAHR, POL-E-DOKHTAR"	33.199	47.225	39	5.4									1			100	2								1			100	2
	1998	11	13	13	1	10.5			"IRAN:  SOUTHERN:  BIGHERD-KHONJ"	27.791	53.608	33	5.4		5	1			105	3		2			850	3	5	1			105	3				2	850	3
	1998	11	19	11	38	14.8			"CHINA:  SICHUAN PROVINCE: HUAPING, LIJIANG, NINGLAG"	27.308	101.029	33	5.6		5	1			1543	4	70	4	12000	4	12000	4	5	1			1543	4	70	4	12000	4		
	1998	11	29	14	10	31.9	2588		"INDONESIA:  MANGOLE, MANADO, TALIABU"	-2.071	124.891	33	7.7	7	41	1			107	3	200	4	1000	3			41	1			107	3	200	4	1000	3		
	1998	12	1	7	37	56.1			"CHINA:  YUNNAN PROVINCE  SOUTHEASTERN"	26.373	104.021	10	4.5						84	2	22.6	3	21872	4	21872	4					84	2	22.6	3	21872	4		
	1999	1	25	18	19	16.8			"COLOMBIA:  ARMENIA, CALARCA, PEREIRA, CALDAS, HUILA"	4.461	-75.724	17	6.2		1185	4	700	3	4750	4	1857.366	4		4			1185	4	700	3	4750	4	1857.366	4		4		
	1999	2	1	23	57	52.9			"RUSSIA:  MAKHACHKALA, DAGESTAN"	42.962	46.954	33	3.2	3							0.9	1											0.9	1				
	1999	2	2	13	45	16.8			"SPAIN:  MULA, PUEBLA DE MULA"	38.193	-1.566	10	4.8	7					20	1	44.004	4				3					20	1	44.004	4				3
	1999	2	11	14	8	51.6			"AFGHANISTAN:  LOWGAR, VARDAK, KABUL"	34.259	69.364	33	6		70	2			500	3		3	7000	4	7000	4	70	2			500	3		3	7000	4		
	1999	3	4	5	38	26.5			"IRAN:  SOUTHERN:  KERMAN"	28.343	57.193	33	6.6		1	1						2			517	3	1	1						2			517	3
	1999	3	11	13	18	9.3			"CHINA:  NE: ZHANGBEI COUNTY"	41.131	114.658	33	5.1						3	1		2	200	3							3	1		2	200	3		
	1999	3	28	19	5	11			"INDIA:  CHAMOLI, RUDRAPRAYAG, TEHRI GARHWAL"	30.512	79.403	15	6.6	8	100	2			394	3	70	4	21100	4	21100	4	100	2			394	3		4	21100	4		
	1999	4	3	6	17	18.3			"PERU:  CAMANA, AREQUIPA"	-16.66	-72.662	87	6.8	6	1	1			50	1		2			300	2	1	1			50	1		2			300	3
	1999	5	6	23	0	53.1			"IRAN:  SOUTHERN:  FARS PROVINCE"	29.501	51.88	33	6.2		26	1			100	2		2	800	3			26	1			100	2		2	800	3		
	1999	6	4	9	12	50			"AZERBAIJAN:  AGDAS, UCAR, AGALI"	40.802	47.448	33	5.4	5	1	1			18	1	5	2			50	1	1	1			18	1	5	2			50	1
	1999	6	15	20	42	5.9			"MEXICO:  PUEBLA, VERACRUZ, OAXACA, MORELOS, GUERRERO"	18.386	-97.436	70	7		20	1			200	3	226.8	4			2000	4	20	1			200	3	226.8	4			2000	4
	1999	6	21	17	43	4.5			"MEXICO:  GUERRERO:  COAHUAYUTLA; MICHOACAN: CUITZEO"	18.324	-101.539	69	6.3									3			1300	4								3			1300	4
	1999	7	11	14	14	16.5			"GUATEMALA:  IZABAL-PUERTO BARRIOS; HONDURAS:  W"	15.782	-88.33	10	6.7		2	1			40	1		2	7	1	7	1	2	1			40	1		2	7	1	4	1
	1999	7	22	10	42	11.7			"BANGLADESH:  MAHESHKHALI ISLAND, COX'S BAZAAR"	21.544	91.895	10	4.2		6	1			200	3		3	700	3			6	1			200	3		3	700	3		
	1999	8	17	0	1	39.1	2326		"TURKEY:  ISTANBUL, KOCAELI, SAKARYA"	40.76	29.97	13	7.6	10	17118	4			50000	4	20000	4			73342	4	17118	4			50000	4	20000	4			73342	4
	1999	8	31	8	10	49.5			"TURKEY:  IZMIT"	40.711	29.949	10	5.2		1	1			166	3		1					1	1			166	3		1				
	1999	9	7	11	56	49.3			"GREECE:  ATHENS"	38.119	23.605	10	6	9	143	3			1600	4	4200	4	53000	4			143	3			1600	4	4200	4	53000	4		
	1999	9	13	11	55	28.1			"TURKEY:  ADAPAZARI-GOLUCK-KOCAELI"	40.709	30.045	13	5.8		7	1			422	3		1					7	1			422	3		1				
	1999	9	20	17	47	18.4			"TAIWAN:  NANTOU, TAICHUNG, TAIZHONG"	23.772	120.982	33	7.7	10	2297	4			8700	4	14000	4	8200		82000	4	2297	4			8700	4	14000	4			82000	4
	1999	9	25	23	52	48.6			"TAIWAN:  CENTRAL"	23.738	121.158	17	6.5			1						1						1						1				
	1999	9	30	16	31	15.6			"MEXICO:  OAXACA"	16.059	-96.931	61	7.5	8	35	1			215	3	164.8	4			2000	4	35	1			215	3	164.8	4			2000	4
	1999	10	16	9	46	44.1			"CALIFORNIA:  LUDLOW, LANDERS, TWENTYNINE PALMS"	34.594	-116.271		7.2	7					4	1		1									4	1		1				
	1999	10	22	2	18	58.5			"TAIWAN:  CHIA-I"	23.445	120.506	33	5.9	6	1	1			254	3	0.786	1	15	1			1	1			254	3	0.786	1	15	1		
	1999	10	31	13	27	42.4			"PERU:  CHUSCHI, CANGALLo, HUANCAPI"	-13.64	-74.43	62	4.4						30	1		3	210	3	1100	4					30	1		3	210	3	1100	4
	1999	11	1	13	25	16.5			"CHINA:  SHANXI:  NORTHEASTERN"	39.899	113.983	10	5.3						4	1	44	4	6000	4							4	1	44	4	6000	4		
	1999	11	11	14	41	25.6			"TURKEY:  ADAPAZARI, KOCEALI, GOLCUK"	40.744	30.266	22	5.7		2	1			171	3							2	1			171	3						
	1999	11	12	16	57	19.5			"TURKEY:  BOLU-DUZCE-KAYNASLI, ADAPAZARI, ZONGULDAK"	40.758	31.161	10	7.2	9	894	3			4948	4	1000	4					894	3			4948	4	1000	4				
	1999	11	24	16	40	21.2			"CHINA:  YUNNAN PROVINCE:  CHENGJIANG"	24.589	102.872	33	4.6		1	1			5	1		1	90	2	90	2	1	1			5	1		1	90	2		
	1999	11	26	4	27	24.7			"IRAN:  GORGAN"	36.92	54.9	33	5.3									1			50	1								1			50	1
	1999	11	26	13	21	15.5	2339		"VANUATU ISLANDS:  PENTECOST"	-16.423	168.214	33	7.5		5	1			100	2		2					10	1			100	2		3		3		
	1999	11	29	4	10	40.9			"CHINA:  NORTHEASTERN:  SANJIANFANG"	40.459	122.889	10	5									1	160	3										1	160	3		
	1999	12	3	17	6	54.7			"TURKEY:  GORESKEN, ERZURUM PROVINCE"	40.358	42.346	19	5.7		1	1			6	1		2			340	3	1	1			6	1		2			340	3
	1999	12	11	18	3	36.4			"PHILIPPINES:  S LUZON:  MANILA, SANTA CRUZ"	15.766	119.74	33	7.3	7	5	1			40	1	1.794	2					5	1			40	1	1.794	2				
	1999	12	21	14	14	57.6			"INDONESIA:  PANDEGLANG, W JAWA, SE SUMATERA"	-6.845	105.555	56	6.5		5	1			220	3	3.9	2			2800	4	5	1			220	3	3.9	2			2800	4
	1999	12	22	17	36	56.2			"ALGERIA:  NORTHERN:  AIN TEMOUCHENT"	35.321	-1.281	10	5.6	7	24	1			175	3	60.929	4		3		3	24	1			175	3	60.929	4	3000	4		
	2000	1	3	22	34	12.6			"INDIA-BANGLADESH BORDER:  MAHESHKHALI"	22.132	92.771	33	4.6									1												1			100	2
	2000	1	11	23	43	56.4			"CHINA:  LIAONING PROVINCE"	40.498	122.994	10	5.1						30	1		3	3600	4	8800	4					30	1		3	3600	4	8800	4
	2000	1	14	23	37	7.8			"CHINA:  YUNNAN PROVINCE:  YAOAN COUNTY"	25.607	101.063	33	5.9		5	1			2528	4	73.5	4	41000	4			7	1			2528	4	73.5	4	41000	4		
	2000	2	2	22	58	1.5			"IRAN:  BARDASKAN, KASHMAR"	35.288	58.218	33	5.3		1	1			15	1		2	100	2	100	2	1	1			15	1		2	100	2	300	3
	2000	2	7	19	34	57			"SOUTH AFRICA; SWAZILAND:  MBABANE-MANZINI"	-26.288	30.888	5	4.5						1	1		1									1	1		1				
	2000	3	28	11	0	22.5			"JAPAN:  VOLCANO ISLANDS"	22.338	143.73	127	7.6																									
	2000	4	5	4	36	58.8	2922		"GREECE:  CRETE"	34.22	25.69	38	5.5																									
	2000	5	4	4	21	16.2	2338		"INDONESIA:  SULAWESI:  LUWUK, BANGGAI, PELENG,"	-1.105	123.573	26	7.6		46	1			264	3	30	4	10000	4			46	1			264	3	30	4	10000	4		
	2000	5	7	23	10	54.1			"TURKEY:  DOGANYOL, PUTURGE"	38.164	38.777	5	4.1									2									1	1		2			200	3
	2000	5	17	3	25	48.7			"TAIWAN:  TAI-CHUNG COUNTY"	24.223	121.058	10	5.4		3	1			13	1		1					3	1			13	1		1				
	2000	6	4	16	28	26.1			"INDONESIA:  SUMATRA:  BENGKULU, ENGGANO"	-4.721	102.087	33	7.9	6	103	3			2174	4	6	3					103	3			2174	4	6	3				
	2000	6	6	2	41	49.8			"TURKEY:  CERKES, CUBUK, ORTA"	40.693	32.992	10	6	7	2	1			80	2		3					2	1			80	2		3			4600	4
	2000	6	7	21	46	55.9			"CHINA:  YUNNAN PROVINCE:  LIUKU; MYANMAR"	26.856	97.238	33	6.3									1		2		2								1		2		
	2000	6	7	23	45	26.6			"INDONESIA:  SOUTHERN SUMATERA:  LAHAT"	-4.612	101.905	33	6.7		1	1						2			600	3	1	1						2			600	3
	2000	6	10	18	23	29.3			"TAIWAN:  NAN-TOU"	23.843	121.225	33	6.4		2	1			36	1		1					2	1			36	1		1				
	2000	6	17	15	40	41.7			"ICELAND:  VESTMANNAEYJAR, HELLA"	63.966	-20.487	10	6.5						1	1	20	3	11	1	11	1					1	1	20	3	11	1	19	1
	2000	6	18	14	44	13.3	2341		"AUSTRALIA:  S, COCOS ISLANDS"	-13.802	97.453	10	7.9																									
	2000	6	21	0	51	46.8			"ICELAND:  GRIMSNES, SELFOSS, EYRARBAKKI, STOKKSEYRI"	63.98	-20.758	10	6.5								12	3	12	1	12	1							12	3	12	1		
	2000	7	1	7	1	55.5	2340	5104	"JAPAN:  NEAR S COAST HONSHU:  KOZU-SHIMA"	34.221	139.131	10	6.1		1	1				3		1					1	1				3		1				
	2000	7	6	19	30	20.3			"NICARAGUA:  MASAYA"	11.884	-85.988	33	5.4		7	1			42	1		3	357	3	1130	4	7	1			42	1		3	357	3	1130	4
	2000	7	12	1	10	42.6			"INDONESIA: JAWA:BANDUNG,CIBADAK,CIMANDIRI,KADUDAMPIT"	-6.675	106.845	33	5.4						6	1		2			225	3					6	1		2			225	3
	2000	7	15	1	30	30.5	3508		"JAPAN:  NEAR S COAST HONSHU:  NII-JIMA"	34.319	139.26	10	6.1						10	1		1			20	1					10	1		1			20	1
	2000	7	16	3	21	45.5			"PHILIPPINES:  BASCO, MOUNT IRADA, BATAN ISLANDS"	20.253	122.043	33	6.4						6	1		2				3					6	1		2				3
	2000	7	30	12	25	45.5	3509		"JAPAN:  HONSHU:  S"	33.901	139.376	10	6.5						1	1		1									1	1		1				
	2000	8	4	21	13	2.7			"RUSSIA:  SAKHALIN ISLAND, UGLEGORSK, MAKAROV"	48.786	142.246	10	6.8	6					8	1	0.92	1			1390	4					8	1	0.92	1			1390	4
	2000	8	21	13	25	44.5			"CHINA:  YUNNAN PROVINCE:  WUDING"	25.826	102.194	33	4.2		1	1			406	3	43	4					1	1			406	3	43	4				
	2000	9	3	8	36	30			"CALIFORNIA:  NAPA"	38.379	-122.413	10	5	7					41	1	50	4									41	1	50	4				
	2000	10	2	2	25	31.3			"TANZANIA:  NKANSI, RUKWA"	-7.977	30.709	34	6.5						6	1		1	7	1	150	3					6	1		1	7	1	150	3
	2000	10	6	4	30	19.1			"JAPAN:  HONSHU:  W:  OKAYAMA, TOTTORI"	35.456	133.134	10	6.7	9					130	3	150	4	104	3	2230	4					130	3	150	4	104	3	2230	4
	2000	10	30	22	39	6.5			"AFGHANISTAN-TAJIKISTAN:  RAKHOR"	37.542	69.582	33	5.1									2												2			800	3
	2000	11	8	6	59	58.8			"PANAMA-COLOMBIA:  JURADO"	7.042	-77.829	17	6.5						2	1		2			86	2					2	1		2			86	2
	2000	11	16	4	54	55.9	2352		"PAPUA NEW GUINEA:  NEW IRELAND, DUKE OF YORK"	-4.001	152.327	17	8		2	1						2		3			2	1						2		3		
	2000	11	16	7	42	16.9			"PAPUA NEW GUINEA:  NEW IRELAND, NEW BRITAIN"	-5.233	153.102	30	7.8									1												1				
	2000	11	17	21	1	56.4			"PAPUA NEW GUINEA:  NEW BRITAIN"	-5.496	151.781	33	7.8																									
	2000	11	25	18	9	11.4			"AZERBAIJAN:  BAKU"	40.245	49.946	50	6.8		31	1			430	3		1					31	1			430	3		1				
	2000	12	6	17	11	6.4			"TURKMENISTAN:  NEBITDAG-TURKMENBASHI"	39.566	54.799	30	7		11	1				2		1					11	1				2		1				
	2000	12	15	16	44	47.6			"TURKEY:  AFYON-BOLVADIN"	38.457	31.351	10	6	7	6	1			41	1		1					6	1			41	1		1				2
	2001	1	1	6	57	4.1			"PHILIPPINES:  MINDANAO"	6.898	126.579	33	7.5																									
	2001	1	13	17	33	32.3	5444		"EL SALVADOR:  DAMAGE & INJURIES IN EVERY DEPT."	13.049	-88.66	60	7.7	8	844	3			4723	4	753	4	108226	4	169632	4	844	3			4723	4	753	4	108226	4	169632	4
	2001	1	26	3	16	40.5			"INDIA:  GUJARAT:  BHUJ, AHMADABAD, RAJOKOT; PAKISTAN"	23.419	70.232	16	7.7	10	20005	4			166836	4	2623	4	339000	4	339000	4	20005	4			166836	4	2623	4	339000	4		
	2001	2	13	14	22	5.8			"EL SALVADOR: SAN JUAN TEPEZONTES-SAN VICENTE-COJUTEP"	13.671	-88.938	10	6.6	6	315	3			3399	4	348.5	4	41302	4	15706	4	315	3			3399	4	348.5	4	41302	4	15706	4
	2001	2	19	15	51	35			"LAOS;  VIETNAM: DIENBIEN PHU"	21.396	102.715	10	4.9	8					4	1		3			2174	4					4	1		3			2174	4
	2001	2	23	0	9	23.6			"CHINA:  SICHUAN PROVINCE:  KANGDING, YAJIANG"	29.513	101.129	33	5.6		3	1			109	3		3	60000	4	60000	4	3	1			109	3		3	60000	4		
	2001	2	28	18	54	32.8			"WASHINGTON:  OLYMPIA, SEATTLE, TACOMA"	47.149	-122.727	52	6.8	8	1	1			400	3	2000	4					1	1			400	3	2000	4				
	2001	3	24	6	27	53.5			"JAPAN:  HIROSHIMA, OKAYAMA, HONSHU, KAGAMA"	34.083	132.526	50	6.8	9	2	1			161	3	500	4			3700	4	2	1			161	3	500	4			3700	4
	2001	5	8	18	2	16.9			"EL SALVADOR:  CONCHAGUA"	13.605	-88.795	10	5.7		1	1						2	84	2	70	2	1	1						2	84	2	70	2
	2001	5	23	21	10	43.9			"CHINA:  YUNNAN:  NINGLANG; SICHUAN:  YANYUAN"	27.689	101.003	33	5.5		2	1			605	3	36	4					2	1			605	3	36	4				
	2001	6	1	14	0	43.6			"AFGHANISTAN:  HINDU KUSH:  PARVAN"	35.169	69.389	62	5		4	1			20	1		1		2		2	4	1			20	1				2		
	2001	6	23	20	33	14.1	2373		"PERU:  AREQUIPA, MOQUEGUA, TACNA, AYACUCHO"	-16.265	-73.641	33	8.4	8	77	2	68	2	2713	4		4	22399	4			103	3	138	3	2713	4	200	4	25399	4		
	2001	6	25	13	28	46.5			"TURKEY:  OSMANIYE"	37.238	36.206	5	5.5						130	3		1									130	3		1			66	2
	2001	7	5	13	53	48.3			"PERU:  CARAVELI, CHALA, ARICA, IQUIQUE, PARINACOTA"	-16.086	-73.987	62	6.6									2	300	3										2	300	3		
	2001	7	7	9	38	43.5			"PERU:  AREQUIPA, ARICA"	-17.543	-72.077	33	7.6		1	1			30	1		2	200	3			1	1			30	1		2	200	3		
	2001	7	14	18	36	8.3			"CHINA:  YUNNAN PROVINCE:  JIANGCHUAN"	24.455	102.66	33	4.3						2	1		1	150	3	150	3					2	1		1	150	3		
	2001	7	26	0	21	36.9			"GREECE:  SKYROS"	39.059	24.244	10	6.5									1			100	2								1			100	2
	2001	8	9	2	6	59.9			"PERU:  ANTABAMA"	-14.258	-72.683	33	5.8		4	1			15	1		2		3			4	1			15	1		2		3		
	2001	9	9	23	59	18			"CALIFORNIA:  LOS ANGELES"	34.059	-118.387	5	4.2	6								1												1				
	2001	10	12	5	2	34	5609		"CANADA:  QUEEN CHARLOTTE ISLANDS"	52.63	-132.2	20	6.1																									
	2001	10	12	15	2	16.8			"GUAM"	12.686	144.98	37	7	8					1	1		2		3							1	1		2		3		
	2001	10	19	3	28	44.4			"INDONESIA:  BANDA SEA"	-4.102	123.907	33	7.5																									
	2001	10	27	5	35	39.7			"CHINA:  YUNNAN PROVINCE:  YONGSHENG"	26.316	100.648	10	5.6		1	1			220	3		2	3400	4	3400	4	1	1			220	3		2	3400	4		
	2001	11	14	9	26	10			"CHINA:  QINGHAI PROVINCE:  XIDATAN"	35.946	90.541	10	7.8									1		2		2								1		2		
	2001	12	18	4	2	58.2	2404		"TAIWAN"	23.954	122.734	14	6.8																									
	2001	12	19	7	54	7.9			"BANGLADESH:  DHAKA"	23.632	90.376	10	4.5	6					100	2		1				2					100	2		1				2
	2002	1	2	17	22	48.7	2397		"VANUATU ISLANDS:  EFATE, PORT VILA"	-17.6	167.856	21	7.2							2		1				2						2		1				2
	2002	1	9	6	45	57.5			"TAJIKISTAN:  ROGHUN"	38.673	69.902	33	5.3		3	1			50	1		2			209	3	3	1			50	1		2			209	3
	2002	1	10	11	14	56.9			"PAPUA NEW GUINEA:  AITAPE"	-3.212	142.427	11	6.7		1	1						2	200	3			1	1						2	200	3		
	2002	1	14	15	36	26.4			"CHILE: NORTHERN: CUYA, HUARA, IQUIQUE, POZO ALMONTE"	-19.384	-69.231	33	5.6									1				1								1				1
	2002	1	17	20	1	29.2			"RWANDA:  GISENYI"	-1.684	29.077	15	4.7			1						2	307				1001	2			400	3		3	307	3		
	2002	1	30	8	42	3.4			"MEXICO:  VERACRUZ:  SAN ANDRES TUXTLA, TUXTEPEC"	18.194	-95.908	109	5.9									1				2								1				2
	2002	2	3	7	11	28.4			"TURKEY:  AFYON"	38.573	31.271	5	6.5		44	1			318	3		2					44	1			318	3		2			622	3
	2002	2	3	20	59	27.6			"TAJIKISTAN:  ROGHUN"	38.773	69.924	44	4.9							2		1				2						2		1				2
	2002	2	17	13	3	52.7			"IRAN:  BAGHAN"	28.093	51.755	33	5.4		1	1			30	1		2					1	1			30	1		2				3
	2002	2	22	19	32	41.7			"MEXICO:  MEXICALI, BAJA CALIFORNIA"	32.319	-115.322	7	5.5									1												1				
	2002	3	3	12	8	19.7			"AFGHANISTAN:  HINDU KUSH:  SAMANGHAN, KABUL, RUSTAQ"	36.502	70.482	226	7.4		166	3				2		3	300	3	300	3	166	3				2		3	300	3	400	3
	2002	3	5	21	16	9.1	2394		"PHILIPPINES:  MINDANAO"	6.033	124.249	31	7.5		15	1			100	2	1.714	2			800	3	15	1			100	2	1.714	2			800	3
	2002	3	25	14	56	33.8			"AFGHANISTAN:  HINDU KUSH:  BAGHLAN, NAHRIN"	36.062	69.315	8	6.1		1000	3			200	3		4	1500	4	1500	4	1000	3			200	3		4	1500	4		
	2002	3	26	3	45	48.7	2395		"JAPAN:  RYUKYU ISLANDS"	23.346	124.09	33	6.4																									
	2002	3	31	6	52	50.4	2396		"TAIWAN:  TAIPEI"	24.279	122.179	33	7.1		5	1			200	3		2	100	2			5	1			200	3		2	100	2		
	2002	4	1	19	59	32.4			"CHILE:  CENTRAL:  COQUIMBO, LA SERENA, OVALLE"	-29.67	-71.384	71	6.4									1												1				
	2002	4	12	4	0	23.7			"TAJIKISTAN; AFGHANISTAN: DO ABI-NAHRIN"	39.959	69.417	10	5.9		50	1			150	3		2	160	3	160	3	50	1			150	3			160	3	250	3
	2002	4	18	16	8	36.7			"CHILE:  COPIAPO, TALTAL"	-27.535	-70.586	62	6.6						19	1		2	34	1	575	3					19	1		2	34	1	575	3
	2002	4	20	10	50	47.5			"NEW YORK:  CLINTON, ESSEX, AU SABLE FORKS"	44.513	-73.699	11	5.2	7								1												1				
	2002	4	24	10	51	50.9			"BALKANS NW:  KOSOVO; MACEDONIA:  N"	42.436	21.466	10	5.7		1	1			60	2		1					1	1			60	2		1				
	2002	4	24	19	48	7.1			"IRAN:  WESTERN:  KERMANSHAH"	34.642	47.4	33	5.4		2	1			56	2		4		4		4	2	1			56	2		4		4		
	2002	4	25	17	41	21.5			"GEORGIA:  TBILISI"	41.765	44.96	10	4.3		5	1			52	2		3			2400	4	5	1			52	2		3			2400	4
	2002	4	26	16	6	7			"GUAM"	13.088	144.619	86	7.1	7					5	1		1									5	1		1				
	2002	5	18	15	15	8.8			"TANZANIA:  BUNDA"	-2.907	33.733	10	5.5		2	1						2	690	3	700	3	2	1						2	690	3	700	3
	2002	5	28	4	4	22.5			"ARGENTINA:  AMINGA, ANILLACO, AGUA BLANCA, CHUQUIS"	-28.937	-66.797	22	6						27	1		2	40	1	40	1					27	1		2	40	1		3
	2002	6	20	5	40	43.3			"BANGLADESH:  RANGPUR, THAKURGAON, ALMANAGAR"	25.842	88.932	40	4.5						55	2		1				2					55	2		1				2
	2002	6	22	2	58	21.3			"IRAN:  AB GARM-ABHAR-AVAJ-SHIRIN SU"	35.626	49.047	10	6.5	8	261	3			1300	4	300	4		4		4	261	3			1300	4	300	4	4	4		
	2002	7	22	5	45	3			"GERMANY:  AACHEN, COLOGNE, SPANGDAHLEM"	50.889	6.103	17	4.8									1												1				
	2002	7	31	0	16	44.6			"PANAMA:  BARU, ALANJE, DAVID; COSTA RICA:  LAUREL"	7.929	-82.793	10	6.5	7					11	1		2		2		3					11	1		2		2		3
	2002	8	8	11	42	5			"CHINA:  SICHUAN PROVINCE:  RULONG"	30.916	99.927	33	5.3									1	8	1	8	1								1	8	1		
	2002	8	14	13	57	52.1			"NORTHERN MARIANA ISLANDS:  SAIPAN"	14.101	146.199	30	6.5									1				1								1				1
	2002	8	15	5	30	26.2			"INDONESIA:   SULAWESI:  TOJO"	-1.196	121.333	10	6.2		48	1						2			200	3	48	1						2			200	3
	2002	8	19	11	1	1.1			"FIJI ISLANDS"	-21.696	-179.513	580	7.7																									
	2002	8	19	11	8	24.3			"FIJI ISLANDS"	-23.884	178.495	675	7.7																									
	2002	8	24	20	1	18.3			"EGYPT:  CAIRO"	30.2	31.41	10	4.4									1			44	1								1			44	1
	2002	9	2	1	0	3.2			"IRAN: KAK, RAZAN, SIZAN"	35.701	48.838	10	5.2									1												1				1
	2002	9	5	11	3	5.8			"KYRGYZSTAN"	39.77	72.007	32	5.5									1												1				
	2002	9	6	1	21	28.6			"ITALY:  SICILY:  PALERMO"	38.381	13.701	5	6		2	1			20	1	500	4				2	2	1			20	1	500	4				2
	2002	9	8	18	44	25.5	2398		"PAPUA NEW GUINEA:  KAIRIRU IS, MUSCHU IS, WEWAK"	-3.26	142.94	13	7.6		4	1			70	2		3		1	873	3	4	1			70	2		3		1	873	3
	2002	9	13	22	28	29.4	2399		"INDIA:  ANDAMAN ISLANDS:  RONGAT, DIGLIPUR,ARIEL BAY"	13.036	93.068	21	6.5		2	1						1	40	1		1	2	1						2	40	1		1
	2002	9	20	15	43	35.4			"INDONESIA:  NEW GUINEA:  IRIAN JAYA:  RANSIKI"	-1.68	134.234	10	6.4									1			31	1								1			31	1
	2002	9	22	23	53	14.6			"UNITED KINGDOM:  MANSFIELD, DUDLEY"	52.52	-2.15	9	4.8	6					1	1		1									1	1		1				
	2002	9	25	18	14	48.5			"MEXICO:  ACAPULCO"	16.87	-100.113	6	5.3						2	1		1				2					2	1		1				2
	2002	9	25	22	28	11.9			"IRAN:  MASJED-E SOLEYMAN"	31.995	49.329	10	5.6						5	1		2									5	1		2				3
	2002	9	30	6	44	48			"FRANCE:  HENNEBONT, LANGUIDIC, LORIENT, TREMOREL"	47.832	-3.207	10	4.2									1				1								1				1
	2002	10	10	10	50	20.5	2400		"INDONESIA: NEW GUINEA: MANOKWARI, ORANSBARI, RANSIKI"	-1.757	134.297	10	7.6		8	1			632	3		3	1000	3	900	3	8	1			632	3		3	1000	3	900	3
	2002	10	23	11	27	19.4			"ALASKA:  CANTWELL, DENALI NATL PARK"	63.514	-147.912	4	6.7	8								2												2				
	2002	10	24	6	8	37.9			"CONGO: GOMA, LWIRO, BUKAVU; RWANDA:  MUGERA, KIGALI"	-1.884	29.004	11	6.2		2	1						1		2			2	1						1		2		
	2002	10	29	10	2	21.5		5487	"ITALY:  SICILY:  SANTA VENERINA"	37.67	15.267	10	4.3	8					9	1		1				2					9	1		1				2
	2002	10	31	10	32	58.7			"ITALY:  SAN GUILIANO DI PUGLIA, CAMPOBASSO"	41.789	14.872	10	5.7		29	1			135	3	796	4				4	29	1			135	3	796	4				4
	2002	11	1	22	9	29.2			"PAKISTAN:  GILGIT"	35.517	74.654	33	5.4		11	1			40	1		3		3		3	11	1			40	1		3			1000	4
	2002	11	2	1	26	10.7			"INDONESIA:  SUMATERA:  SIMEULUE"	2.824	96.085	30	7.3		3	1			65	2		3			994	3	3	1			65	2		3			994	3
	2002	11	3	22	12	41			"ALASKA:  SLANA, MENTASTA LAKE, FAIRBANKS"	63.517	-147.444	5	7.9	9					1	1	56	4									1	1	56	4				
	2002	11	20	21	32	30.8			"PAKISTAN:  DASHKIN, DOIAN, MUSHKIN"	35.414	74.515	33	6.3		19	1			40	1		3	100	2	100	2	19	1			40	1		3	100	2	1256	4
	2002	11	27	16	43	17.5			"VANUATU ISLANDS: MERE LAVA ISLAND"	-14.49	167.827	33	5.9						3	1		2									3	1		2			100	2
	2002	12	2	4	58	55.1			"GREECE:  MEGALOPOLIS, VARTHOLOMION"	37.747	21.087	10	5.7						17	1		2	8	1	100	2					17	1		2	8	1	100	2
	2002	12	14	13	27	29.1			"CHINA:  GANSU PROVINCE:  YUMNE"	39.736	97.443	22	5.5		2	1						3	13380	4			2	1						3	13380	4		
	2002	12	24	17	3	2.9			"IRAN:  KERMANSHAH"	34.594	47.454	33	5.2						15	1		3	3000	4	3000	4					15	1		3	3000	4		
	2002	12	25	12	57	3.2			"CHINA:  XINJIANG:  WUQIA"	39.57	75.254	10	5.7									1		2										1		2		
	2002	12	25	19	13	42.7			"AFGHANISTAN:  JALALABAD"	35.704	69.868	91	5.5									1												1				1
	2003	1	11	17	45	30.6			"IRAN:  KAZERUN, NURABAD"	29.59	51.474	33	5.2							2		3	650	3	650	3						2		3	650	3	1350	4
	2003	1	20	8	43	6	2401		"SOLOMON ISLANDS:  HONIARA, SAN CRISTOBAL"	-10.491	160.77	33	7.3																									
	2003	1	22	2	6	34.6	2402		"MEXICO:  VILLA DE ALVAREZ, COLIMA, TECOMAN, JALISCO"	18.77	-104.104	24	7.5	8	29	1			300	3		3	2005	4	6615	4	29	1			300	3		3	2005	4	6615	4
	2003	1	23	0	8	22.8			"INDONESIA:  SUMBAWA ISLAND:  DOMPU"	-8.807	118.524	33	5.5	6					2	1		2			500	3					2	1		2			500	3
	2003	1	26	19	57	3.2			"ITALY:  SPINELLO, SANTA SOFIA, BAGNO DI ROMAGNA"	43.883	11.96	7	4.7	7								1				1								1				1
	2003	1	27	5	26	23			"TURKEY:  SAGLAMTAS, PULUMUR"	39.5	39.878	10	6.1		1	1				2		1					1	1				2		1				2
	2003	2	13	17	34	20.9			"CHINA:  N. XINJIANG:  URUMQI"	43.897	85.923	24	5.3									1												1				
	2003	2	15	5	47	58.9			"PHILIPPINES: LUZON:  DIMASALANG"	12.171	123.921	10	5.8	6								1												1				
	2003	2	15	11	1	59.8			"PHILIPPINES: MASBATE, DIMASALANG"	12.168	124.079	10	6.3	6								1				2								1				2
	2003	2	22	12	19	10.5			"CALIFORNIA:  BIG BEAR CITY"	34.31	-116.848	1	5.2	6								1												1				
	2003	2	22	20	41	3.4			"FRANCE:  BACCARAT, COLMAR, THANN; GERMANY:  EDIGEN"	48.342	6.57	10	5									1												1				
	2003	2	24	2	3	41.4			"CHINA:  S. XINJIANG:  BACHU"	39.61	77.23	11	6.3		261	3			4000	4		4	71000	4			261	3			4000	4		4	71000	4		
	2003	2	25	3	52	41			"CHINA:  S. XINJIANG:  BACHU"	39.483	77.393	10	5.4		5	1						1					5	1						1				
	2003	3	21	11	38	20			"INDONESIA:  JAVA:  CARACAS, CILIMUS, SAMPORA"	-6.983	108.468	33	4.6									2												2			800	3
	2003	3	22	13	36	16			"GERMANY:  ALBSTADT"	48.21	9	6	4.7									1												1				
	2003	3	25	2	53	25			"INDONESIA:  FLORES:  REO"	-8.294	120.743	33	6.5		4	1			20	1		1				2	4	1			20	1		1				2
	2003	3	25	18	51	26.3			"BHUTAN:  PHUENTSHOLING"	27.264	89.331	47	5.5									1												1				1
	2003	4	10	0	40	15.1			"TURKEY:  IZMIR, SEFERIHISAR"	38.221	26.958	10	5.7						90	2		2		2		2					90	2		2		2		2
	2003	4	17	0	48	38.5			"CHINA:  QINGHAI PROVINCE:  DELINGHA"	37.529	96.476	14	6.4									1	45	1	45	1								1	45	1		
	2003	4	29	8	59	39			"ALABAMA:  FORT PAYNE,GAYLESVILLE,VALLEY HEAD"	34.494	-85.629	20	4.6	6								1												1				
	2003	5	1	0	27	4.7			"TURKEY:  BINGOL"	39.007	40.464	10	6.4		177	3			521	3		3	718	3	718	3	177	3			521	3		3	718	3	2593	4
	2003	5	4	15	44	35.5			"CHINA:  S. XINJIANG:  YOPURGA"	39.43	77.219	10	5.8		1	1			3	1		3	1600	4			1	1			3	1		3	1600	4		
	2003	5	21	18	44	20.1	2403		"ALGERIA:  ALGIERS, BOUMERDES, REGHIA, THENIA"	36.964	3.634	12	6.8	10	2266	4			10261	4	5000	4	43000	4	43000	4	2266	4			10261	4	5000	4	43000	4		
	2003	5	26	9	24	33.4			"JAPAN:  HONSHU:  IWATE, MIYAGI, YAMAGATA, AKITA"	38.849	141.568	68	7						143	3	233	4			720	3					143	3	233	4			720	3
	2003	5	26	19	23	27.9			"INDONESIA:  MOROTAI, BEREBERE, DARUBA"	2.354	128.855	31	7		1	1			7	1		1	28	1	20	1	1	1			7	1		1	28	1	20	1
	2003	5	27	17	11	28.8	3618		"ALGERIA:  ALGIERS, BOUMERDES, REGHAIA"	36.939	3.578	8	5.7		9	1			200	3		2		3			9	1			200	3		2		3		
	2003	6	6	12	29	34			"KENTUCKY:  BARDWELL"	36.87	-88.98	3	4	6								1												1				
	2003	6	9	7	6	39.3			"GREECE:  GONNOI, LARISA"	39.893	22.309	18	5.2									1			50	1								1			50	1
	2003	6	20	13	30	41.6			"CHILE:  OVALLE, COQUIMBO; ARGENTINA:  SAN JUAN"	-30.608	-71.637	33	6.8	6					1	1		1				2					1	1		1				2
	2003	7	3	14	59	32.2			"IRAN:  NORTHEASTERN: YAKHAK, BASHIRABAD, BUTEHGAZ"	35.476	60.784	41	5.2									1												1			90	2
	2003	7	10	17	6	37.6			"IRAN:  SOUTHERN: GAJJIABAD"	28.355	54.169	10	5.8		1	1			25	1		3	3500	4	3500	4	1	1			25	1		3	3500	4		
	2003	7	15	20	27	50.5			"INDIAN OCEAN:  FELT IN MALDIVES"	-2.598	68.382	10	7.6																									
	2003	7	21	15	16	31.9			"CHINA:  YUNNAN PROVINCE"	25.975	101.29	10	5.9		16	1			584	3	75	4	264878	4	264878	4	16	1			584	3	75	4	264878	4		
	2003	7	25	15	13	7.7			"JAPAN:  HONSHU:  MIYAGI, IWATE"	38.432	141.003	10	5.5						569	3	411	4			1025	4					569	3	411	4			1025	4
	2003	7	26	1	0	57.6			"TURKEY:  WESTERN:  BULDAN"	38.111	28.887	10	4.5							2		1										2		1			48	1
	2003	7	26	8	36	49.1			"TURKEY:  WESTERN:  BULDAN"	38.019	28.927	10	5.4						10	1		1	1	1	1	1					10	1		1	1	1		1
	2003	7	26	23	18	17.9			"BANGLADESH:  RANGAMATI"	22.854	92.306	10	5.7		2	1			25	1		2	500	3			2	1			25	1		2	500	3		
	2003	8	4	4	37	20.1			"SCOTIA SEA:  SOUTH ORKNEY ISLANDS: LAURIE IS"	-60.532	-43.411	10	7.6									1												1				
	2003	8	11	0	19	9.2			"INDONESIA:  HALMAHERA:  WASILE"	1.142	128.152	10	6									2			200	3								2			200	3
	2003	8	13	8	29	27.2			"PANAMA:  COLON, PANAMA CITY"	9.355	-79.941	54	5.4									1												1				
	2003	8	14	5	14	54.7			"GREECE:  LEFKADA, PREVEZA"	39.16	20.605	10	6.3						50	1		2				2					50	1		2				2
	2003	8	16	10	58	42.7			"CHINA:  NEI MONGOL:  LINDONG, TIANSHAN"	43.77	119.643	24	5.4		4	1			1000	3		3	7900	3			4	1			1000	3		3	7900	4		
	2003	8	18	9	3	3.5			"CHINA:  TIBET (XIZANG PROVINCE): BOMI,MEDOG,NYINGCHI"	29.573	95.605	33	5.5									1												1				
	2003	8	21	12	12	49.7	2953		"NEW ZEALAND:  DUNEDIN,INVERCARGILL,TE ANAU,FIORDLAND"	-45.104	167.144	28	7.2									1												1				
	2003	9	14	21	42	51.8			"ITALY:  LOIANO, MONGHIDORO, MONZUNO"	44.329	11.45	10	5.3	7						2		1			10	1						2		1			10	1
	2003	9	20	3	54	50.7			"JAPAN:  HONSHU:  TOKYO"	34.998	140.172	52	5.7						7	1		1				2					7	1		1				2
	2003	9	21	18	16	13.4			"MYANMAR (BURMA):  TAUNGDWINGYI; THAILAND:  BANGKOK"	19.917	95.672	10	6.6									1				2								1				2
	2003	9	22	4	45	36.2			"DOMINICAN REPUBLIC:  PUERTO PLATA, SANTIAGO"	19.777	-70.673	10	6.4	10	3	1			15	1		3		3			3	1			15	1		3		3		
	2003	9	25	19	50	6.3	2406		"JAPAN:  HOKKAIDO"	41.815	143.91	27	8.3						849	3	90	4					2	1			849	3	90	4				
	2003	9	27	11	33	25			"RUSSIA:  KOSH-AGACH, UST'-ULAGAN, ONGUDAI, SHEBALINO"	50.038	87.813	16	7.3	10	3	1			5	1	10.6	3	300	3			3	1			5	1	10.6	3	300	3		
	2003	9	29	15	27	1			"RUSSIA:  KOSH-AGACH"	50	87.89	10	4.4									1												1				
	2003	9	29	18	22	32			"NEW ZEALAND:  CHRISTCHURCH"	-43.34	173.04	32	4.8									1												1				
	2003	10	1	1	3	25.2			"RUSSIA:  KOSH-AGACH, BARNAUL, GORNO-ALTAYSK"	50.211	87.721	10	6.7									1				1								1				1
	2003	10	15	7	30	35.9			"JAPAN:  NEAR S COAST HONSHU:  ATSUGI"	35.457	139.871	78	5.2									1												1				
	2003	10	16	3	20	55.3			"DOMINICAN REPUBLIC:   MOCA, SANTIAGO"	19.761	-70.693	10	4.5									1				1								1				1
	2003	10	16	12	28	9			"CHINA:  YUNNAN PROVINCE:  DAYAO"	25.954	101.254	33	5.6		3	1			32	1		3	12000	4	12000	4	3	1			32	1		3	12000	4		
	2003	10	25	12	41	35.2			"CHINA:  GANSU PROVINCE:  MINLE, SHANDAN"	38.4	100.951	10	5.8		9	1			43	1	40	4	10000	4			9	1			43	1	40	4	10000	4		
	2003	10	31	1	6	28.2	2428		"JAPAN:  EAST COAST HONSHU"	37.812	142.619	10	7																									
	2003	11	13	2	35	10.3			"CHINA:  GANSU PROVINCE:  JONE, LINTAN, MINXIAN"	34.712	103.834	10	5.1		1	1			30	1		1	10	1			1	1			30	1		1	10	1		
	2003	11	14	18	49	46.5			"CHINA:  YUNNAN PROVINCE:  LUDIAN, ZHAOTONG"	27.372	103.971	33	5.6		4	1			65	1		2	600	3	600	3	4	1			65	1		2	600	3		
	2003	11	17	6	43	6.8	2429		"ALASKA:  ALEUTIAN ISLANDS:  RAT ISLANDS"	51.146	178.65	33	7.8																									
	2003	11	18	17	14	22.6			"PHILIPPINES:  SAMAR:  CAN-AVID"	12.025	125.416	35	6.5	7	1	1			21	1		2	1	1		3	1	1			21	1		2	1	1		3
	2003	11	26	13	38	57.8			"CHINA:  YUNNAN PROVINCE:  LUDIAN"	27.283	103.753	33	4.7						4	1		4	2000	4	2000	4					4	1		4	2000	4		
	2003	12	1	1	38	31.9			"CHINA:  XINJIANG:  ZHAOSU"	42.905	80.515	10	6		11	1			47	1		3	769	3			11	1			47	1		3	769	3		
	2003	12	5	23	41	27.4			"INDONESIA:  FLORES, RUTENG"	-8.137	120.524	33	4.9									1				1								1				1
	2003	12	10	4	38	11.5			"TAIWAN:  T'AI-TUNG, KAO-HSIUN"	23.039	121.362	10	6.8						1	1		1									1	1		1				
	2003	12	11	16	28	17.3			"IRAN:  WESTERN:  MASJED-E- SOLEYMAN"	31.953	49.209	33	5			0			5	1		1	2	1	2	1					5	1		1	1	1		
	2003	12	17	23	15	17.2			"BULGARIA: POVADIYA"	43.083	27.486	34	4.4									2	10	1	10	1								2	10	1	150	3
	2003	12	22	19	15	56			"CALIFORNIA:  PASO ROBLES,TEMPLETON,ATASCADERO"	35.706	-121.102	8	6.6	8	2	1			40	1	300	4	40	1			2	1			40	1	300	4				
	2003	12	25	7	11	11.5			"PANAMA-COSTA RICA:  PUERTO ARMUELLES"	8.416	-82.824	33	6.5		2	1			75	2		2				3	2	1			75	2		2				3
	2003	12	26	1	56	52.4			"IRAN:  SOUTHEASTERN:  BAM, BARAVAT"	28.995	58.311	10	6.6	9	31000	4			30000	4	32.7	4		4		4	31000	4			30000	4	32.7	4		4		
	2003	12	27	4	55	25.4	3015		"NEW CALEDONIA:  LOYALTY ISLANDS"	-22.107	169.35	10	6.1																									
	2004	1	1	20	59	31.9			"INDONESIA:  BALI, LOMBOK"	-8.31	115.788	45	5.8	6	1	1			29	1	12	3	6000	4			1	1			29	1	12	3	6000	4		
	2004	1	1	23	31	50			"MEXICO:  GUERRERO, MEXICO CITY"	17.488	-101.303	29	6.1									1												1				
	2004	1	10	7	43	18			"SLOVAKIA:  SLOVENSKO L'UPCA"	48.758	19.217	5	2.2									1												1				
	2004	1	10	18	38	14.8			"ALGERIA:  NORTHERN:  ALGIERS, BOUMERDES"	36.852	3.418	10	4.4						300	3		1									300	3		1				
	2004	1	14	16	58	48.1			"IRAN:  SOUTHERN:  FIRUZABAD"	27.695	52.397	12	5.2									1												1				
	2004	1	28	22	15	30.7	2434		"INDONESIA:  SERAM"	-3.12	127.4	17	6.7																									
	2004	2	4	11	59	47.6			"PANAMA-COSTA RICA:  CHIRIQUI"	8.358	-82.877	29	6.1						4	1		1									4	1		1				
	2004	2	5	21	5	2.8			"INDONESIA:  NABIRE"	-3.615	135.538	17	7		37	1			682	3	1	2	2678	4			37	1			682	3	1	2	2678	4		
	2004	2	7	2	42	35.2			"INDONESIA:  NABIRE"	-4.003	135.023	10	7.3									1												1				
	2004	2	11	8	15	3.8	4562		"JORDAN:  MA'IN; ISRAEL:  JERUSALEM, PETAH-TIQWA"	31.675	35.551	27	5.3						4	1		2				2					4	1		2				2
	2004	2	14	10	30	22.1			"PAKISTAN:  BALAKOT, BATGRAM, MANSEHRA"	34.774	73.216	11	5.4		24	1			40	1		3	1420	4	1420	4	24	1			40	1		3	1420	4	5379	4
	2004	2	16	14	44	39.9			"INDONESIA:  SUMATRA:  PADANGPANJANG"	-0.466	100.655	56	5.1		5	1			7	1		1					5	1			7	1					100	2
	2004	2	22	6	46	27			"INDONESIA:  SUMATRA:  PESISIR SELATAN"	-1.559	100.488	42	6						1	1		1									1	1		1				3
	2004	2	24	2	14	34			"BURUNDI:  RUYAGA"	-3.393	29.558	10	4.7		3	1						1	24	1			3	1						1	24	1		
	2004	2	24	2	27	46.2			"MOROCCO:  AL HOCEIMA, IMZOURENE, BENI ABDALLAH"	35.142	-3.997	0	6.4	9	628	3			926	3	400	4	2539	4			628	3			926	3	400	4	2539	4		
	2004	3	1	0	35	58			"GREECE:  SOUTHERN:  KALAMATA"	37.136	22.116	9	5.2									1				1								1				1
	2004	3	24	1	53	49.4			"CHINA:  NEI MONGOL:  BAYAN UL HOT, ULIASTAI"	45.382	118.256	19	5.4						100	2	74	4	38000	4							100	2	74	4	38000	4		
	2004	3	25	19	30	49			"TURKEY:  ERZURUM"	39.93	40.812		5.6		10	1			46	1		1	45	1	45	1	10	1			46	1		1	45	1		
	2004	3	28	3	51	10			"TURKEY:  ASKALE"	39.847	40.874	5	5.6						12	1		1	50	1	50	1					12	1		1	50	1		
	2004	4	5	21	24	4			"AFGHANISTAN:  HINDU KUSH:  KABUL, SAMANGAN; PAKISTAN"	36.512	71.029	187	6.5		3	1			5	1							3	1			5	1						
	2004	4	9	1	55	50.7			"INDONESIA:  SUMATRA:  PADANG"	-1.549	100.54	66	5.4									1												1				1
	2004	4	16	18	32	24			"INDONESIA:  BALI"	-8.669	114.65	96	5.5									1				1								1				1
	2004	4	23	1	50	30.2			"INDONESIA:  TIMOR: KUPANG"	-9.362	122.839	66	6.7									1												1				
	2004	5	1	7	56	13.6			"TAIWAN:  HUALIEN: TAROKO GORGE NATIONAL PARK"	24.081	121.611	45	5.2		2	1			1	1		1					2	1			1	1		1				
	2004	5	3	4	36	50			"CHILE: CANETE"	-37.695	-73.406	21	6.6	6								1												1				
	2004	5	4	5	4	58.3			"CHINA:  QINGHAI PROVINCE:  DELINGHA"	37.506	96.758	14	5.4									3												3			3100	4
	2004	5	8	4	39	25			"IRAN:  KAZERUN"	29.881	51.474	67	5									1	4	1	4	1								1	4	1	6	1
	2004	5	8	20	11	44.2			"PAKISTAN:  QUETTA"	30.126	67.121	10	4.5		1	1			30	1		1					1	1			30	1		1				1
	2004	5	19	21	28	10.6			"PHILIPPINES:  BOHOL ISLAND:  TUBIGON"	9.926	124.038	35	4.1	6								1												1				
	2004	5	28	12	38	44.4			"IRAN:  MAZANDARAN, QAZVIN, TEHRAN"	36.29	51.61	17	6.3		35	1			400	3	165	4					35	1			400	3	165	4				3
	2004	5	30	2	52	12.2			"RUSSIA:  SAKHALIN, YUZHNO, SAKHALINSK"	47.311	142.12	14	4.9									1			46	1								1			46	1
	2004	6	9	11	41	16.5			"SAUDI ARABIA: WESTERN"	27.836	36.905	10	4.6									1												1				
	2004	6	15	11	16	31.5			"CHILE: CARAHUE, IMPERIAL, TEMUCO"	-38.854	-73.155	38	5.9	6								1												1				
	2004	7	1	22	30	9.3			"TURKEY:  DOGUBEYAZIT"	39.766	43.979	5	5.1		18	1			21	1							18	1			21	1						
	2004	7	12	13	4	7.1			"SLOVENIA: BOVEC, KOBARID"	46.296	13.641	8	5.2		1	1			5	1		1		1		1	1	1			5	1		1		1		1
	2004	7	14	14	36	2.5			"AFGHANISTAN: HERAT"	34.89	61.852		4.6									2												2			150	3
	2004	7	18	4	22	22.6			"NEW ZEALAND:  NORTH ISLAND:  ROTORUA, TAURANGA"	-38	176.51	5	5.4		1	1			2	1		2			5	1	1	1			2	1		2			5	1
	2004	7	18	8	31	45.8			"AFGHANISTAN: PAKTIA PROVINCE"	33.426	69.524	10	5.2		2	1			40	1		3		3		3	2	1			40	1		3		3		
	2004	7	30	7	14	7.8			"TURKEY:  DOGUBEYAZIT"	39.634	43.966	5	4		1	1			5	1		1					1	1			5	1		1				2
	2004	8	4	3	1	7.5			"TURKEY:  BODRUM"	36.833	27.815	10	5.6						15	1											15	1						
	2004	8	10	10	26	14.7			"CHINA:  YUNNAN PROVINCE:  LUDIAN"	27.266	103.873	6	5.4		4	1			600	3	50	4	18556	4	65601	4	4	1			600	3	50	4	18556		65601	4
	2004	8	11	15	48	26.8			"TURKEY:  ELAZIG, SIVRICE"	38.377	39.261	7	5.7		1	1			11	1		1					1	1			11	1		1				
	2004	9	5	10	7	7.8	2436		"JAPAN:  HONSHU:  W COAST: KYOTO"	33.07	136.618	14	7.2						4	1		1									4	1		1				
	2004	9	5	14	57	18.6	2437		"JAPAN:  HONSHU:  W COAST: KYOTO, WAKAYAMA, SAKAI"	33.184	137.071	10	7.4						40	1		1									40	1		1				
	2004	9	7	11	53	6.1			"ARGENTINA: CATAMARCA"	-28.573	-65.84	22	6.1		1	1				2		1		2		2	1	1				2		1		2		
	2004	9	7	12	15	49.7			"CHINA:  GANSU PROVINCE"	34.682	103.781	10	5.2						19	1		3	600	3							19	1		3	600	3		
	2004	9	21	13	32	30.8			"POLAND: SUWALKI; RUSSIA: KALININGRAD, SVETLOGORSK"	54.841	19.912	10	4.8	6					3	1		1									3	1		1				
	2004	9	28	17	15	24.2			"CALIFORNIA:  CENTRAL: PARKFIELD, SAN MIGUEL"	35.819	-120.364	9	6	6								1												1				
	2004	10	1	8	1	1.3			"NICARAGUA:  CHINANDEGA, LEON"	11.989	-86.52	87	5.6									1												1				
	2004	10	7	21	46	20.3			"IRAN:  GOLESTAN"	37.125	54.477	35	5.6						60	2											60	2						
	2004	10	15	4	8	50.2			"TAIWAN:  T'AO-YUAN"	24.53	122.694	94	6.6							2		1										2		1				
	2004	10	18	22	11	44.9			"CHINA:  YUNNAN PROVINCE:  BAOSHAN"	25.073	99.169	30	4.4						12	1		3	20000	4	20000	4					12	1		3	20000	4		
	2004	10	23	8	56	0.8			"JAPAN:  HONSHU:  NIIGATA PREFECTURE"	37.226	138.779	16	6.6		40	1			3183	4	28000	4	6000	4			40	1			3183	4	28000	4	6000	4		
	2004	10	27	1	40	50.2			"JAPAN:  HONSHU:  NIIGATA PREFECTURE"	37.284	138.885	14	5.9						5	1		1	1	1							5	1		1	1	1		
	2004	10	27	20	34	36.8			"ROMANIA:  BUCHAREST, BRAILA; BULGARIA:  NORTHERN"	45.787	26.622	96	5.8									1												1				
	2004	11	2	10	2	12.8	3012		"CANADA:  VANCOUVER ISLAND"	49.277	-128.772	10	6.6																									
	2004	11	4	6	22	39.4			"GREECE:  CRETE:  ANTIKYTHIRA"	35.945	23.115	74	5.2									1												1				
	2004	11	8	2	15	58.8			"JAPAN:  HONSHU:  NIIGATA PREFECTURE"	37.396	138.862	10	5.5						8	1		1									8	1		1				
	2004	11	11	21	26	41.1	3013		"INDONESIA:  KEPULAUAN ALOR"	-8.152	124.868	10	7.5		34	1			400	3		3	781	3	16712	4	34	1			400	3		3	781	3	16712	4
	2004	11	15	9	6	56.5			"COLOMBIA:  BAJO BAUDO, BUENAVENTURA, CERRITO"	4.695	-77.508	15	7.2						10	1		3	154	3							10	1		3	154	3		
	2004	11	19	23	49	37.1			"IRAN:  W"	32.023	48.836	37	4.8									1												1				
	2004	11	20	8	7	22			"COSTA RICA:  SAN JOSE, PARRITA, QUEPOS"	9.602	-84.172	16	6.4		8	1				2		3	526	3			8	1				2		3	526	3		
	2004	11	21	11	41	7.7	2693		"GUADELOUPE:  BASSE-TERRE, LES SAINTES"	15.679	-61.706	14	6.3		1	1			12	1		2		3			1	1			12	1		2		3		
	2004	11	22	4	1	30.4			"IRAN:  KHORRAMABAD, POL-E DOKHTAR"	33.297	47.977	36	5							2		1		1		1						2		1		1		
	2004	11	22	20	26	23.9	5517		"NEW ZEALAND:  INVERCARGILL, SOUTHLAND, OTAGO"	-46.676	164.721	10	7.1									1												1				
	2004	11	24	22	59	40			"ITALY:  NORTHERN:  BRESCIA"	45.626	10.559	17	5.1						9	1		2		3							9	1		2		3		
	2004	11	26	2	25	3.3			"INDONESIA:  NABIRE"	-3.609	135.404	10	7.1	8	32	1			130	3	55	4	328	3			32	1			130	3	55	4	328	3		
	2004	11	28	18	32	14.1	2921		"JAPAN:  HOKKAIDO:  BEKKAI, KUSHIRO, NEMOURO"	43.006	145.119	39	7						24	1		1				1					24	1		1				1
	2004	12	1	17	42	24.7			"ALGERIA:  BOUMERDAS"	36.848	3.448	10	4.5						15	1		1									15	1		1				
	2004	12	2	19	16	34.6			"TRINIDAD:  MAYARO"	10.49	-61.48	49	5.8									1												1				
	2004	12	5	1	52	37.2			"GERMANY:  EMMENDINGEN, FREIBURG IM BREISGAU"	48.115	8.077	10	4.8	5								1												1				
	2004	12	5	8	30	59.5			"ALGERIA:  ZEMMOURI"	36.865	3.421	10	4.5						46	1											46	1						
	2004	12	6	14	15	11.8			"JAPAN:  HOKKAIDO:  KUSHIRO"	42.9	145.228	35	6.8						4	1											4	1						
	2004	12	9	8	49	0.2			"INDIA:  HAILAKANDI, CACHAR"	24.757	92.539	35	5.4							2		1										2		1				
	2004	12	14	5	56	10			"JAPAN:  HOKKAIDO:  OBIRO, HABORO, TOMAMAE"	44.119	141.793	10	5.8						3	1		1									3	1		1				
	2004	12	20	23	2	12.4			"TURKEY:  MARMARIS"	37.042	28.206	5	5.4						3	1		1									3	1		1				
	2004	12	23	14	59	4.4	3014		"AUSTRALIA:  MACQUARIE ISLAND"	-49.312	161.345	10	8.1																									
	2004	12	26	0	58	53.4	2439		"INDONESIA:  SUMATRA:  ACEH:  OFF WEST COAST"	3.316	95.854	30	9.1		1001	4				3	10000	4		3		3	227899	4				3	10000	4		4		4
	2005	1	10	18	47	30.1			"IRAN:  GORGAN"	37.103	54.574	32	5.4						110	3											110	3						
	2005	1	19	6	11	36.4	2466		"JAPAN:  EAST COAST HONSHU"	34.064	141.491	28	6.6																									
	2005	1	20	18	56	30.7			"NEW ZEALAND:  NORTH ISLAND"	-41.223	175.21	39	5.3									1												1				
	2005	1	23	20	10	12.1			"INDONESIA:  SULAWESI:  PALU"	-1.198	119.933	11	6.3		1	1			4	1		2					1	1			4	1		2				
	2005	1	24	23	23	26.1			"ECUADOR:  NEAR WEST COAST:  PUERTO LOPEZ, SALANGO"	-1.364	-80.785	17	6.1									2		2										2		2		
	2005	1	25	16	30	38.9			"CHINA:  YUNNAN PROVINCE:  SIMAO"	22.526	100.709	12	4.8						3	1		1									3	1		1				
	2005	1	25	16	44	16.1			"TURKEY:  HAKKARI"	37.622	43.703	41	5.9		2	1			22	1		1					2	1			22	1		1				
	2005	1	29	7	41	31			"SPAIN:  LA PACA, ZARCILLA DE RAMOS"	37.91	-1.82	5	4.4									2												2				
	2005	2	2	5	55	18.2			"INDONESIA:  JAVA:  GARUT"	-7.037	107.819	15	4.8		1	1				2		2		2		2	1	1				2		2		2		
	2005	2	14	18	5	59.3	4802		"GUADELOUPE"	15.775	-61.744	12	5.8																									
	2005	2	14	23	38	8.6			"CHINA:  XINJIANG PROVINCE:  WUSHI"	41.728	79.44	22	6.1									3	6000	4										3	6000	4		
	2005	2	15	11	15	11.7			"INDIA:  KHASPUR"	24.55	92.524	35	5.1									1												1				
	2005	2	22	2	25	22.9			"IRAN:  KERMAN PROVINCE:  ZARAND"	30.754	56.816	14	6.4		612	3			1411	4		4	8000	4	8000	4	612	3			1411	4		4	8000	4		
	2005	3	2	11	12	14.9			"PAKISTAN:  QUETTA"	30.378	68.038	52	4.9						1	1		1									1	1		1				
	2005	3	9	10	15	31.8			"SOUTH AFRICA:  KLERKSDORP, STILFONTEIN"	-26.913	26.789	5	4.3		2	1			58	2		2					2	1			58	2		2				
	2005	3	12	7	36	12.1			"TURKEY:  CAT, KARLIOVA"	39.44	40.978	11	5.6						16	1		2									16	1		2				
	2005	3	13	3	31	23			"IRAN:  SARAVAN"	27.095	61.887	54	6									1												1				
	2005	3	14	1	55	55.6			"TURKEY:  EASTERN:  BINGOL PROVINCE"	39.354	40.89	5	5.8						18	1		3		2		2					18	1		3		2		
	2005	3	14	9	43	49.1			"INDIA:  MAHARASHTRA:  KOLHAPUR, RATNAGIRI, SATARA"	17.145	73.73	10	4.9						45	1		2									45	1		2				
	2005	3	15	2	7	6.8			"INDIA:  MAHARASHTRA:  DHEBEWADI"	17.072	73.668	10	4.3									1												1				
	2005	3	20	1	53	41.8			"JAPAN:  KYUSHU:  FUKUOKA, GENKAI"	33.807	130.131	10	6.6		1	1			500	3		2	65	2			1	1			500	3		2	65	2		
	2005	3	28	16	9	36.5	2487		"INDONESIA:  SUMATERA:  SW"	2.085	97.108	30	8.6		1303	4			340	3		4	300	3	300	3	1313	4			340	3		4	300	3		
	2005	4	10	10	29	11.2	2507		"INDONESIA:  PADANG"	-1.644	99.607	19	6.7	5																								
	2005	6	13	22	44	33.9			"CHILE:  TARAPACA"	-19.987	-69.197	116	7.7		11	1			200	3			544	3			11	1			200	3			544	3		
	2005	6	15	2	50	53.1	2547		"CALIFORNIA:  OFF COAST NORTHERN"	41.301	-125.97	10	7.2	4																								
	2005	7	5	1	52	2.9			"INDONESIA:  SUMATRA:  NIAS ISLAND:  GUNUNGSITOLI"	1.819	97.082	21	6.7									1												1				
	2005	7	9	23	59	17			"INDONESIA:  SULAWESI:  DONGGALA"	-1.174	119.963	32	5.9									1	6	1	6	1								1	6	1		
	2005	7	10	13	10	12.1			"ALBANIA:  TROPOJE"	42.389	19.812	4	5.2									1		1										1		1		
	2005	7	18	2	4	59.8			"INDONESIA:  TIMOR:  TIMOR TENGAH UTARA"	-9.948	124.48	10	5.3									1		1		1								1		1		
	2005	7	23	7	34	56.7			"JAPAN:  HONSHU:  TOKYO"	35.498	139.982	61	5.9						27	1		1	1	1							27	1		1	1	1		
	2005	7	24	15	42	6.2			"INDIA:  ANDAMAN ISLANDS,  NICOBAR ISLANDS"	7.92	92.19	16	7.2									1		1		1								1		1		
	2005	7	25	15	43	41.1			"CHINA:  DAQING"	46.827	125.058	48	4.7		1	1			12	1							1	1			12	1						
	2005	7	26	4	8	37.1			"MONTANA:  DILLON, SILVER STAR, TWIN BRIDGES"	45.365	-112.615	13	5.6	6								1												1				
	2005	7	30	21	45	0			"TURKEY:  BAHCEKARADALAK, SIRAPINAR, YENIYAPANSEYHLI"	39.437	33.089	5	5.3									1												1				
	2005	8	5	14	14	48			"CHINA:  YUNNAN PROVINCE:  HUIZE"	26.569	103.036	42	4.8						9	1		2	3700	4	3700	4					9	1		2	3700	4		
	2005	8	5	18	7	13.8			"VIETNAM:  HO CHI MINH CITY"	9.985	108.383	10	4.5									1												1				
	2005	8	9	5	9	20.8			"IRAN:  FIRUZABAD"	28.85	52.56	10	5.1									1												1				
	2005	8	13	4	58	44.8			"CHINA:  YUNNAN PROVINCE:  WENSHAN"	23.627	104.103	10	4.5						26	1		1		2		2					26	1		1		2		
	2005	8	14	2	39	40.3			"CHILE:  TARAPACA"	-19.78	-68.98	11	5.8									1												1				
	2005	8	14	6	33	32.5			"INDIA:  MAHARASHTRA"	17.398	74.118	35	4.4	7								2												2				
	2005	8	16	2	46	28.4	2548		"JAPAN:  EAST COAST HONSHU"	38.276	142.039	36	7.2						56	2		1	1	1							56	2		1	1	1		
	2005	8	16	3	45	54.1			"INDIA:  UTTARANCHAL:  UTTARKAHI"	30.924	78.56	43	4.4	6								1		1		1								1		1		
	2005	8	30	8	53	17.4			"INDIA: MAHARASHTRA: AMBEGHAR, DICHOLI, KISRULE"	17.067	73.773	10	4.7	6								1												1				
	2005	9	9	7	26	43.7			"PAPUA NEW GUINEA:  NEW IRELAND"	-4.539	153.474	90	7.7																									
	2005	9	24	19	24	2.6			"ETHIOPIA:  DABBAHU"	12.471	40.634	12	5.6																					2				
	2005	9	26	1	55	37.6			"PERU:  LAMAS, CHACHAPOYAS, MOYOBAMBA, TARAPOTA"	-5.678	-76.398	115	7.5		5	1			60	2		2		3			5	1			60	2		2		3		
	2005	10	1	22	19	51.3			"PERU:  MOQUEGUA"	-16.635	-70.794	20	5.3						10	1		1	300	3							10	1		1	300	3		
	2005	10	8	3	50	40.8			"PAKISTAN:  MUZAFFARABAD, URI, ANANTNAG, BARAMULA"	34.539	73.588	26	7.6	8	76213	4			146599	4	6680	4		3		3	76213	4			146599	4	6680	4		3		
	2005	10	20	21	40	4			"TURKEY:  IZMIR"	38.152	26.751	10	5.9		1	1			15	1		1		2		2	1	1			15	1		1		2		
	2005	10	24	17	35	33.8			"ECUADOR:  BAEZA"	-0.507	-77.745	35	4.8	6								1												1				
	2005	10	27	11	18	57.3			"CHINA:  GUANGXI PROVINCE"	23.604	107.798	10	4.2		1	1			1	1		1		1			1	1			1	1		1		1		
	2005	10	31	2	10	28.7			"PERU:  N"	-5.852	-78.704	40	5.4										20	1											20	1		
	2005	11	14	21	38	51.4	2590		"JAPAN:  EAST COAST HONSHU"	38.107	144.896	11	7																									
	2005	11	26	0	49	37.6			"CHINA:  JIANGXI:  JIUJIANG, RUICHANG"	29.695	115.689	10	5.2		16	1			8000	4		3	150000	4			16	1			8000	4		3	150000	4		
	2005	11	26	15	56	55			"TURKEY:  DOGANYOL"	38.26	38.814	9	4.4									1												1				
	2005	11	27	10	22	19.1			"IRAN:  QESHM, ZIRANG"	26.774	55.858	10	6		13	1			100	2		2					13	1			100	2		2				
	2005	12	5	12	19	56.6			"CONGO:  KALEMIE"	-6.224	29.83	22	6.8		6	1						1	300	3			6	1						1	300	3		
	2005	12	12	21	47	46			"AFGHANISTAN:  TILI, JALALABAD, BADAKHSHAN"	36.357	71.093	225	6.5		5	1			1	1		1	100	2	100	2	5	1			1	1		1	100	2		
	2005	12	14	7	9	54.1			"INDIA:  JAUSARI, CHAMOLI, NANDPRAYAG"	30.476	79.255	44	5.3		1	1			4	1		2	1	1	1	1	1	1			4	1		2	1	1		
	2005	12	24	3	56	7.3			"TURKEY:  AKHISAR"	38.804	26.783	14	4.3									1												1				
	2006	1	8	11	34	55.6			"GREECE:  SOUTHERN"	36.311	23.212	66	6.7						3	1		1		1							3	1		1		1		
	2006	1	27	16	58	53.6			"INDONESIA:  BANDA SEA"	-5.473	128.131	397	7.6																									
	2006	2	14	0	55	25			"INDIA:  SIKKIM"	27.382	88.388	30	5.3		2	1			2	1		1					2	1			2	1		1				
	2006	2	20	17	20	9			"GREECE-BULGARIA BORDER REGION"	41.708	25.544	10	4.6						2	1				1		1					2	1				1		
	2006	2	22	22	19	7.8			"MOZAMBIQUE"	-21.324	33.583	11	7		4	1			36	1		2	294	3			4	1			36	1		2	294	3		
	2006	2	23	20	4	53.5			"BHUTAN:  TASHIGANG"	26.912	91.705	10	5.8									1	126	3	126	3								1	126	3		
	2006	2	28	7	31	2.6			"IRAN:  SOUTHERN"	28.12	56.865	18	6						6	1		2		3		3					6	1		2		3		
	2006	3	7	18	20	46.1			"INDIA:  GUJARAT"	23.777	70.899	10	5.5						7	1		1		1		1					7	1		1		1		
	2006	3	10	7	50	14.3			"PAKISTAN:  MIRPUR DISTRICT"	33.129	73.887	10	4.9		1	1			22	1							1	1			22	1						
	2006	3	14	6	57	33.8	2875		"INDONESIA:  SERAM"	-3.595	127.214	30	6.7									2	241	3			4	1						2	241	3		
	2006	3	20	19	44	25.1			"ALGERIA:  NORTHERN"	36.623	5.328	10	4.9		4	1			9	1			62	2	62	2	4	1			9	1			62	2		
	2006	3	25	7	28	57.6			"IRAN:  SOUTHERN"	27.574	55.685	18	5.9		1	1			1	1		1					1	1			1	1		1				
	2006	3	28	8	35	43.3			"INDONESIA:  N. SUMATRA: TAPAKTUAN"	3.462	97.224	30	5									1												1				
	2006	3	31	1	17	0.9			"IRAN:  WESTERN:  BORUJERD, DORUD"	33.5	48.78	7	6.1		70	2			1300	4		3		3		3	70	2			1300	4		3		3		
	2006	3	31	12	23	17.8			"CHINA:  JILIN PROVINCE:  JILIN, SONGYUAN"	44.624	124.122	10	4.9									1		2										1		2		
	2006	4	1	10	2	19.5			"TAIWAN:  T'AIT-TUNG"	22.868	121.278	9	6.2						42	1		1		2							42	1		1		2		
	2006	4	4	9	12	23.4			"PAKISTAN:  BATGRAM"	34.6	73.136	10	4.8						28	1		1		2		2					28	1		1		2		
	2006	4	6	17	59	16.4			"INDIA:  GUJARAT"	23.322	70.477	10	5.5									1												1				
	2006	4	11	0	2	41.5			"GREECE:  ZAKYNTHOS"	37.64	20.92	18	5.5									1												1				
	2006	4	19	2	5	42.9			"CHINA:  TIBET (XIZANG PROVINCE)"	31.607	90.413	33	5.7									1		2										1		2		
	2006	4	20	23	25	2.1			"RUSSIA:  KORYAKSKIY"	60.949	167.089	22	7.6						40	1	55	4		3							40	1	55	4		3		
	2006	5	3	15	26	40.2	2749		"TONGA ISLANDS"	-20.187	-174.123	55	7.9	7					1	1		1									1	1		1				
	2006	5	4	17	43	9.7			"PANAMA:  BOQUETE"	8.898	-82.543		4.5									1												1				
	2006	5	7	6	20	53.7			"IRAN:  ZARAND"	30.79	56.7	14	4.1						70	2		1		1		1					70	2		1		2		
	2006	5	12	8	16	56.5			"INDONESIA:  SUMATRA:  KALIANDAK"	-5.575	105.395	17	5.5									1		2		2								1		2		
	2006	5	26	22	53	58.9			"INDONESIA:   JAVA:  BANTUL, YOGYAKARTA"	-7.961	110.446	13	6.3		5749	4			38568	4	3100	4	127000	4	127000	4	5749	4			38568	4	3100	4	127000	4		
	2006	6	3	7	15	35.6			"IRAN:  SOUTHERN:  QESHM"	26.759	55.843	5	5.1		2	1			4	1		1		2		2	2	1			4	1		1		2		
	2006	6	3	11	7	45			"TURKEY:  HAKKARI"	37.605	43.787	10	4.1									1												1				
	2006	6	3	16	34	25.8			"MALAWI:  SALIMA"	-14.52	34.28	10	3.8									1												1				
	2006	6	11	20	1	26.3			"JAPAN:  KYUSHU"	33.129	131.141	140	6.3						8	1											8	1						
	2006	6	13	14	15	38.3			"ALBANIA:  TEPELENE"	40.27	19.96	10	4.5						1	1		1	12	1							1	1		1	12	1		
	2006	6	20	16	52	57.9			"CHINA:  GANSU PROVINCE"	33.068	104.95	24	4.5						5	1		1		1							5	1		1		1		
	2006	7	17	8	19	25	2832		"INDONESIA:  JAVA"	-9.254	107.411	34	7.7														802	3			498	3	55	4	1623	4		
	2006	7	22	1	10	29			"CHINA:  YANJIN"	27.995	104.138	56	4.9		22	1			106	3							22	1			106	3						
	2006	7	29	0	11	51.3			"TAJIKISTAN:  PANJ-QUMSANGIR"	37.255	68.828	34	5.6		3	1			19	1			721	3	721	3	3	1			19	1			721	3		
	2006	8	5	14	3	43.7			"ARGENTINA:  MENDOZA"	-33.131	-68.707	22	5.6	5								1												1				
	2006	8	18	11	45	49.4			"TAJIKISTAN:  DUSHANBE (STALINABAD)"	38.246	69.22	10	4.7									1												1				
	2006	8	24	20	1	0.2			"FRANCE"	45.84	-0.14	5	4.3									1												1				
	2006	8	25	5	51	44.3			"CHINA:  SICHUAN PROVINCE"	28.012	104.151	22	4.6		1	1			31	1		2					1	1			31	1		2				
	2006	9	10	14	56	8.1			"GULF OF MEXICO"	26.319	-86.606	14	5.8																									
	2006	9	28	6	22	9.7	2972		"SAMOA ISLANDS"	-16.592	-172.033	28	6.9	4																								
	2006	9	29	13	8	26.1			"TRINIDAD:  PORT-OF-SPAIN"	10.876	-61.756	53	6.1						3	1		1	1	1							3	1		1	1	1		
	2006	9	29	18	23	5.9			"TRINIDAD:  GASPARILLO"	10.814	-61.758	52	5.5		1	1											1	1										
	2006	10	15	17	7	49.2	3017		"HAWAIIAN ISLANDS"	19.878	-155.935	39	6.7	8						3	73	4										3	73	4				
	2006	10	20	10	48	56			"PERU:  CENTRAL"	-13.457	-76.677	23	6.7	4								1												1				
	2006	10	27	10	52	5.7			"CHINA:  HUBEI"	31.56	113.21	10	4.5									2												2				
	2006	11	3	6	21	39.2			"CHINA:  NEI MONGOL"	43.469	119.558	10	4.7									3	55886	4										3	5586	4		
	2006	11	15	11	14	13.5	3016		"RUSSIA:  KURIL ISLANDS"	46.592	153.266	10	8.3																		1	1		2				
	2006	11	17	18	19	51.6			"FRANCE:  PYRENEES"	42.99	-0.05	10	4.7									1												1				
	2006	11	23	7	15	20.5			"HUNGARY:  BEREGDAROC"	48.195	22.46	10	4.8									1												1				
	2006	11	23	11	4	44.3			"CHINA:  XINJIANG PROVINCE:  NORTH"	44.229	83.524	20	4.7									2	60	2										2	60	1		
	2006	11	24	6	33	26.4			"INDONESIA:  SULAWESI: PINRANG"	-3.728	119.233	31	5.2									1												1				
	2006	11	29	1	32	17.9			"INDONESIA:  HALMAHERA:  MOROTAI"	2.52	128.283	39	6.2									2	50	1										2	50	1		
	2006	12	1	14	1	47.5			"INDONESIA:  SUMABAWA:  BIMA"	-8.251	118.777	43	6.3		1	1			14	1		1	20	1			1	1			14	1		1	20	1		
	2006	12	8	16	48	39.1			"SWITZERLAND:  BASEL"	47.58	7.6	5	3.9									1												1				
	2006	12	12	17	2	29.7			"THAILAND:  MAE RIM"	18.901	98.916	10	4.6									1	5	1										1	5	1		
	2006	12	17	21	39	17.4			"INDONESIA:  SUMATERA:  NORTHERN, MUARASIPONGI"	0.626	99.859	30	5.8		7	1			100	2		3	680	3			7	1			100	2		3	680	2		
	2006	12	24	22	43	26.7			"INDIA:  RAJASTHAN"	26.88	76.15	10	4.2																					1				
	2006	12	25	20	1	0.4			"KYRGYZSTAN:  KOCHKOR"	42.156	76.163	12	5.8									3	2410	4										2	2410	4		
	2006	12	26	12	26	21.1	3622		"TAIWAN:  PINGTUNG"	21.799	120.547	10	7		2	1			40	1		1		2			2	1			40	1		1		2		
	2006	12	31	13	39	23.6			"HUNGARY:  BUDAPEST"	47.449	19.343	5	4.1									1		1										1		1		
	2007	1	8	17	21	50.2			"KYRGYZSTAN:  ISFARIA"	39.803	70.311	18	6									2	187	3										2	187	3		
	2007	1	9	14	49	48.8			"CHINA:  GANSU PROVINCE"	37.021	103.911	20	4.5									3	2000	4										3	2000	4		
	2007	1	10	17	18	58.3			"CHINA:  GANSU PROVINCE"	33.259	104.74	23	4.7									1		2										1		2		
	2007	1	13	4	23	21.1	3019		"RUSSIA:  KURIL ISLANDS"	46.243	154.524	10	8.1																									
	2007	1	21	7	38	57			"TURKEY:  E"	39.592	42.863	3	5.1						2	1		1									2	1		1				
	2007	1	21	11	27	45			"INDONESIA:  MOLUCCA ISLANDS:  N"	1.065	126.282	22	7.5		4	1			4	1		1					4	1			4	1		1				
	2007	2	16	7	15	54			"PHILIPPINES:  MINDANAO"	6.614	126.24	79	4.9									1												1				
	2007	2	21	11	5	29.2			"TURKEY:  DOGANKOY, PUTURGE, SIVRICE"	38.318	39.267	10	5.7									1		1		1								1		1		
	2007	3	6	3	49	38.9			"INDONESIA:  SUMATRA:  SOUTHERN"	-0.493	100.498	19	6.4	8	67	2			826	3		3	43719	4		4	67	2			826	3		3	43719	4		4
	2007	3	6	13	5	12.1			"COLOMBIA:  CAUCA, SOTARA, PURACE,"	2.082	-76.495	43	5						9	1		1	9	1							9	1		1	9	1		
	2007	3	6	22	32	6.8			"IRAN:  WESTERN:  DORUD"	33.49	48.93	16	4.7						35	1		1									35	1		1				
	2007	3	25	0	40	1.6	3038		"VANUATU ISLANDS"	-20.617	169.357	34	7.1																									
	2007	3	25	0	41	57.8	3035		"JAPAN:  HONSHU:  W COAST"	37.336	136.588	8	6.7		1	1			150	3		3	58	2	455	3	1	1			150	3		3	58	2	455	3
	2007	3	25	13	57	58.2			"GREECE:  ARGOSTOLION, KEFALLINIA"	38.34	20.42	15	5.8	6								1		1										1		1		
	2007	4	1	20	39	56.3	3037		"SOLOMON ISLANDS"	-8.466	157.043	24	8.1		2	1						3	300	3	500	3	52	2						3	2500	4	500	3
	2007	4	13	5	42	23			"MEXICO:  GUERRERO, ATOYAC"	17.302	-100.198	34	6	5								1	2	1										1	2	1		
	2007	4	15	3	19	30.3			"JAPAN:  HONSHU:  W"	34.807	136.239	16	4.6						12	1		2	63	1							12	1		2	63	2		
	2007	4	16	7	38	53.8			"ALBANIA:  TIRANA"	41.172	19.897	14	4.5									1		1												1		
	2007	4	21	17	53	46.3	3044		"CHILE:  SOUTHERN"	-45.243	-72.648	37	6.2	7	2	1						1			2	1	10	1						1			2	1
	2007	4	28	7	18	11.3			"UNITED KINGDOM:  ENGLAND:  FOLKESTONE"	51.085	1.009	10	4.6	6					1	1		1									1	1		1				
	2007	5	8	15	46	49.1			"MONTANA:  SHERIDAN"	45.394	-112.13	14	4.5	5								1												1				
	2007	5	16	8	56	16.4			"LAOS:  BOKEO;  THAILAND:  CHIANG RAI, CHIAN SAEN"	20.504	100.746	24	6.3									1												1				
	2007	5	29	9	36	5.6			"INDONESIA: LABUHA"	-1.065	127.343	24	6.1									1		2										1		2		
	2007	6	2	21	34	57.7			"CHINA:  YUNNAN PROVINCE:  NING'ER"	23.028	101.052	5	6.1		3	1			329	3	310	4					3	1			329	3	310	4				
	2007	6	13	19	29	40.1			"GUATEMALA:  GUATEMALA CITY"	13.554	-90.618	23	6.7									1		2		2								1		2		
	2007	6	18	14	29	48.2			"IRAN:  QOM"	34.437	50.833	5	5.5									1		2		2								1		2		
	2007	7	13	7	20	25.5			"ECUADOR:  ZARUMA"	-3.987	-79.836	50	4.5									1																
	2007	7	16	1	13	22	3104		"JAPAN:  HONSHU:  W COAST"	37.57	138.478	10	6.6		9	1			1088	4	12500	4			875	3	9	1			1088	4	12500	4			875	3
	2007	7	20	10	6	52			"CHINA:  XINJIANG:  TEKES"	42.913	82.378	10	5.6									2	2120	4										2	2120	4		
	2007	7	20	11	42	22.3			"CALIFORNIA:  MONTCLAIR"	37.804	-122.193	5	4.2									1												1				
	2007	7	21	22	44	13.5			"TAJIKISTAN:  RASHT, ASHT"	38.936	70.485	10	5.2		12	1											12	1										
	2007	7	22	23	2	14.7			"INDIA:  UTTARKASHI, CHAMOLI, MUZAFFARNAGAR"	30.881	78.239	19	4.3						3	1		1		1		1					3	1		1		1		
	2007	7	26	5	40	16.1			"INDONESIA:  MALUKU:  N"	2.872	127.464	25	6.9							2		1		1								2		1		1		
	2007	8	1	17	8	51.4			"VANUATU ISLANDS:  LUGANVILLE"	-15.595	167.68	120	7.2									1		1		1								1		1		
	2007	8	2	2	37	42.3	3155		"RUSSIA:  TATAR STRAIT"	47.116	141.798	5	6.2		2	1			12	1		1	11	1	20	1	2	1			12	1		1	11	2	20	1
	2007	8	2	3	21	42.8	3156		"ALASKA:  ALEUTIAN ISLANDS"	51.307	-179.971	21	6.7																									
	2007	8	6	8	48	40			"UTAH:  HUNTINGTON"	39.465	-111.237	2	4.2		9	1				1							9	1				1						
	2007	8	8	17	4	58			"INDONESIA:  JAVA"	-5.968	107.655	289	7.5																									
	2007	8	15	23	40	57.8	3168		"PERU:  ICA, PISCO, LIMA"	-13.386	-76.603	39	8	8	514	3			1090	4		4	52154	4	23632	4	514	3			1090	4		4	52154	4	23632	4
	2007	8	17	0	38	56			"UTAH"	39.464	-111.207	0	1.6		3	1			6	1							3	1			6	1						
	2007	8	20	19	15	53.5			"INDIA:  MAHARASHTRA:  SATARA"	17.2	73.7	5	4.4									1												1				
	2007	8	25	4	24	21.9			"IRAN:  HADJI ABAD, ORZUIYEH"	28.154	56.652	10	5						4	1											4	1						
	2007	9	2	1	5	18.1	3598		"SOLOMON ISLANDS:  SANTA CRUZ ISLANDS"	-11.61	165.762	35	7.2																									
	2007	9	9	18	36	37.6			"INDONESIA:  SITUBONDO"	-7.783	114.338	35	4.8						13	1		1									13	1		1				
	2007	9	10	1	49	14.2			"COLOMBIA:  NARINO, EL CHARCO, ISCUANDE, LA TOLA"	2.982	-77.967	31	6.8						5	1		1	35	1							5	1		1	35	1		
	2007	9	12	11	10	26.8	3228		"INDONESIA:  SUMATRA"	-4.438	101.367	34	8.4		25	1			161	3		3	56425	4		4	25	1			161	3		3	56425	4		4
	2007	9	12	23	49	3.7			"INDONESIA:  SUMATRA"	-2.625	100.841	35	7.9																									
	2007	9	28	13	38	57.8			"JAPAN:  VOLCANO ISLANDS"	22.013	142.668	260	7.5																									
	2007	9	30	5	23	34	3248		"NEW ZEALAND:  AUCKLAND ISLANDS"	-49.418	163.954	10	7.4																									
	2007	10	15	12	29	36			"NEW ZEALAND:  SOUTH ISLAND:  FIORDLAND"	-44.785	167.583	26	6.8									1												1				
	2007	10	26	6	50	6.6			"PAKISTAN:  GHANCHE"	35.304	76.753	10	4.8		1	1			12	1							1	1			12	1						
	2007	10	31	3	4	54.8			"CALIFORNIA:  SAN JOSE"	37.434	-121.774	10	5.6									1												1				
	2007	11	6	9	38	5.7			"INDIA:  GUJARAT"	21.181	70.724	10	5.1		1	1			5	1		1		2		2	1	1			5	1		1		2		
	2007	11	7	4	12	38.6			"PHILIPPINES:  BOHOL ISLAND:  MABINI"	9.721	124.647	72	5.1		1	1											1	1										
	2007	11	7	7	10	21.9			"BANGLADESH:  CHITTAGONG, BANDARBAN, RANGAMATI"	22.15	92.388	29	5.1						10	1		1									10	1		1				
	2007	11	14	15	40	50.5	3293		"CHILE:  TOCOPILLA, MARIA ELENA"	-22.247	-69.89	40	7.7	8	2	1			65	2		3		4			2	1			65	2		3		4		
	2007	11	16	3	13	0.1			"PERU-ECUADOR:  GUAYAQUIL"	-2.312	-77.838	123	6.8									1												1				
	2007	11	20	5	20	3.4			"IRAN:  WESTERN:  QAL' EH-YE TOL, KHUZESTAN"	31.68	49.93	7	4.8						30	1		1		1		1					30	1		1		1		
	2007	11	25	16	2	17.9			"INDONESIA:  SUMBAWA ISLAND"	-8.277	118.339	35	6.5		3	1				3		2		3			3	1				3		2		3		
	2007	11	25	23	12	17			"INDIA:  BADAUN, MEERUT, NOIDA, REWARI"	28.555	77.057	10	4.7									1		1		1								1		1		
	2007	11	29	19	0	20.4	5441		"MARTINIQUE"	14.944	-61.274	156	7.4		1	1			102	3		1					1	1			102	3		1				
	2007	12	9	2	3	29.4			"BRAZIL:  MINAS GERAIS"	-15.048	-44.231	10	4.6		1	1			6	1		2	76	2			1	1			6	1		2	76	2		
	2007	12	9	7	28	20.8	3599		"KERMADEC ISLANDS"	-25.996	-177.514	153	7.8																									
	2007	12	15	18	22	27.1			"CHILE:  OFF CENTRAL COAST, VINA DEL MAR, VALPARAISO"	-32.689	-71.695	25	5.9						4	1		1		1							4	1		1		1		
	2007	12	20	7	55	15.8			"NEW ZEALAND:  OFF COAST NORTH ISLAND"	-39.011	178.291	20	6.6	7	1	1						1	3	1			1	1						1	3	1		
	2007	12	20	9	48	29.9			"TURKEY:  CENTRAL:  YENIYAPAN, ABAZLAR, SUYUGUZEL"	39.417	33.212	10	5.7									1		1		1								1		1		
	2007	12	26	23	47	10.7			"TURKEY:  CENTRAL:  ANKARA"	39.446	33.162	8	5.6									3	2214	4	2214	4								3	2214	4		